"filename", "language", "Markdown", "YAML", "Java", "Java Properties", "Properties", "XML", "TypeScript", "TypeScript JSX", "PostCSS", "JSON", "MS SQL", "JavaScript", "JSON with Comments", "HTML", "Batch", "comment", "blank", "total"
"/Users/ngocthanh/Documents/Material SU26/SWP391/swp391-su26-ai-audit-project-swp391_se20a11_group-02/.github/ISSUE_TEMPLATE/bug.md", "Markdown", 46, 0, 0, 0, 0, 0, 0, 0, 0, 0, 0, 0, 0, 0, 0, 0, 25, 71
"/Users/ngocthanh/Documents/Material SU26/SWP391/swp391-su26-ai-audit-project-swp391_se20a11_group-02/.github/ISSUE_TEMPLATE/task.md", "Markdown", 47, 0, 0, 0, 0, 0, 0, 0, 0, 0, 0, 0, 0, 0, 0, 0, 22, 69
"/Users/ngocthanh/Documents/Material SU26/SWP391/swp391-su26-ai-audit-project-swp391_se20a11_group-02/.github/pull_request_template.md", "Markdown", 67, 0, 0, 0, 0, 0, 0, 0, 0, 0, 0, 0, 0, 0, 0, 0, 33, 100
"/Users/ngocthanh/Documents/Material SU26/SWP391/swp391-su26-ai-audit-project-swp391_se20a11_group-02/.github/workflows/audit-check.yml", "YAML", 0, 26, 0, 0, 0, 0, 0, 0, 0, 0, 0, 0, 0, 0, 0, 0, 6, 32
"/Users/ngocthanh/Documents/Material SU26/SWP391/swp391-su26-ai-audit-project-swp391_se20a11_group-02/.github/workflows/deploy-frontend.yml", "YAML", 0, 24, 0, 0, 0, 0, 0, 0, 0, 0, 0, 0, 0, 0, 0, 0, 7, 31
"/Users/ngocthanh/Documents/Material SU26/SWP391/swp391-su26-ai-audit-project-swp391_se20a11_group-02/README.md", "Markdown", 89, 0, 0, 0, 0, 0, 0, 0, 0, 0, 0, 0, 0, 0, 0, 0, 39, 128
"/Users/ngocthanh/Documents/Material SU26/SWP391/swp391-su26-ai-audit-project-swp391_se20a11_group-02/VIBE_CODE.md", "Markdown", 174, 0, 0, 0, 0, 0, 0, 0, 0, 0, 0, 0, 0, 0, 0, 0, 44, 218
"/Users/ngocthanh/Documents/Material SU26/SWP391/swp391-su26-ai-audit-project-swp391_se20a11_group-02/backend/.mvn/wrapper/maven-wrapper.properties", "Java Properties", 0, 0, 0, 3, 0, 0, 0, 0, 0, 0, 0, 0, 0, 0, 0, 0, 1, 4
"/Users/ngocthanh/Documents/Material SU26/SWP391/swp391-su26-ai-audit-project-swp391_se20a11_group-02/backend/mvnw.cmd", "Batch", 0, 0, 0, 0, 0, 0, 0, 0, 0, 0, 0, 0, 0, 0, 139, 26, 25, 190
"/Users/ngocthanh/Documents/Material SU26/SWP391/swp391-su26-ai-audit-project-swp391_se20a11_group-02/backend/pom.xml", "XML", 0, 0, 0, 0, 0, 243, 0, 0, 0, 0, 0, 0, 0, 0, 0, 27, 34, 304
"/Users/ngocthanh/Documents/Material SU26/SWP391/swp391-su26-ai-audit-project-swp391_se20a11_group-02/backend/src/main/java/com/swp391/coding_platform/CodingPlatformApplication.java", "Java", 0, 0, 48, 0, 0, 0, 0, 0, 0, 0, 0, 0, 0, 0, 0, 0, 7, 55
"/Users/ngocthanh/Documents/Material SU26/SWP391/swp391-su26-ai-audit-project-swp391_se20a11_group-02/backend/src/main/java/com/swp391/coding_platform/configuration/ApplicationInitConfig.java", "Java", 0, 0, 43, 0, 0, 0, 0, 0, 0, 0, 0, 0, 0, 0, 0, 1, 9, 53
"/Users/ngocthanh/Documents/Material SU26/SWP391/swp391-su26-ai-audit-project-swp391_se20a11_group-02/backend/src/main/java/com/swp391/coding_platform/configuration/CloudinaryConfig.java", "Java", 0, 0, 24, 0, 0, 0, 0, 0, 0, 0, 0, 0, 0, 0, 0, 0, 8, 32
"/Users/ngocthanh/Documents/Material SU26/SWP391/swp391-su26-ai-audit-project-swp391_se20a11_group-02/backend/src/main/java/com/swp391/coding_platform/configuration/PasswordEncoderConfig.java", "Java", 0, 0, 12, 0, 0, 0, 0, 0, 0, 0, 0, 0, 0, 0, 0, 0, 3, 15
"/Users/ngocthanh/Documents/Material SU26/SWP391/swp391-su26-ai-audit-project-swp391_se20a11_group-02/backend/src/main/java/com/swp391/coding_platform/configuration/PayOSConfig.java", "Java", 0, 0, 11, 0, 0, 0, 0, 0, 0, 0, 0, 0, 0, 0, 0, 0, 4, 15
"/Users/ngocthanh/Documents/Material SU26/SWP391/swp391-su26-ai-audit-project-swp391_se20a11_group-02/backend/src/main/java/com/swp391/coding_platform/configuration/ProjectProperties.java", "Java", 0, 0, 36, 0, 0, 0, 0, 0, 0, 0, 0, 0, 0, 0, 0, 5, 8, 49
"/Users/ngocthanh/Documents/Material SU26/SWP391/swp391-su26-ai-audit-project-swp391_se20a11_group-02/backend/src/main/java/com/swp391/coding_platform/configuration/RabbitMQConfig.java", "Java", 0, 0, 18, 0, 0, 0, 0, 0, 0, 0, 0, 0, 0, 0, 0, 1, 6, 25
"/Users/ngocthanh/Documents/Material SU26/SWP391/swp391-su26-ai-audit-project-swp391_se20a11_group-02/backend/src/main/java/com/swp391/coding_platform/configuration/RedisConfig.java", "Java", 0, 0, 24, 0, 0, 0, 0, 0, 0, 0, 0, 0, 0, 0, 0, 3, 6, 33
"/Users/ngocthanh/Documents/Material SU26/SWP391/swp391-su26-ai-audit-project-swp391_se20a11_group-02/backend/src/main/java/com/swp391/coding_platform/configuration/RedisPubSubConfig.java", "Java", 0, 0, 22, 0, 0, 0, 0, 0, 0, 0, 0, 0, 0, 0, 0, 1, 7, 30
"/Users/ngocthanh/Documents/Material SU26/SWP391/swp391-su26-ai-audit-project-swp391_se20a11_group-02/backend/src/main/java/com/swp391/coding_platform/configuration/WebClientConfig.java", "Java", 0, 0, 40, 0, 0, 0, 0, 0, 0, 0, 0, 0, 0, 0, 0, 8, 10, 58
"/Users/ngocthanh/Documents/Material SU26/SWP391/swp391-su26-ai-audit-project-swp391_se20a11_group-02/backend/src/main/java/com/swp391/coding_platform/configuration/WebMvcConfig.java", "Java", 0, 0, 17, 0, 0, 0, 0, 0, 0, 0, 0, 0, 0, 0, 0, 0, 5, 22
"/Users/ngocthanh/Documents/Material SU26/SWP391/swp391-su26-ai-audit-project-swp391_se20a11_group-02/backend/src/main/java/com/swp391/coding_platform/configuration/WebSocketConfig.java", "Java", 0, 0, 24, 0, 0, 0, 0, 0, 0, 0, 0, 0, 0, 0, 0, 4, 7, 35
"/Users/ngocthanh/Documents/Material SU26/SWP391/swp391-su26-ai-audit-project-swp391_se20a11_group-02/backend/src/main/java/com/swp391/coding_platform/controller/admin/AdminDashboardController.java", "Java", 0, 0, 58, 0, 0, 0, 0, 0, 0, 0, 0, 0, 0, 0, 0, 0, 9, 67
"/Users/ngocthanh/Documents/Material SU26/SWP391/swp391-su26-ai-audit-project-swp391_se20a11_group-02/backend/src/main/java/com/swp391/coding_platform/controller/admin/AdminFinancialController.java", "Java", 0, 0, 58, 0, 0, 0, 0, 0, 0, 0, 0, 0, 0, 0, 0, 0, 8, 66
"/Users/ngocthanh/Documents/Material SU26/SWP391/swp391-su26-ai-audit-project-swp391_se20a11_group-02/backend/src/main/java/com/swp391/coding_platform/controller/admin/AdminInstructorController.java", "Java", 0, 0, 75, 0, 0, 0, 0, 0, 0, 0, 0, 0, 0, 0, 0, 0, 15, 90
"/Users/ngocthanh/Documents/Material SU26/SWP391/swp391-su26-ai-audit-project-swp391_se20a11_group-02/backend/src/main/java/com/swp391/coding_platform/controller/auth/AuthenticationController.java", "Java", 0, 0, 177, 0, 0, 0, 0, 0, 0, 0, 0, 0, 0, 0, 0, 11, 43, 231
"/Users/ngocthanh/Documents/Material SU26/SWP391/swp391-su26-ai-audit-project-swp391_se20a11_group-02/backend/src/main/java/com/swp391/coding_platform/controller/cart/CartController.java", "Java", 0, 0, 59, 0, 0, 0, 0, 0, 0, 0, 0, 0, 0, 0, 0, 0, 11, 70
"/Users/ngocthanh/Documents/Material SU26/SWP391/swp391-su26-ai-audit-project-swp391_se20a11_group-02/backend/src/main/java/com/swp391/coding_platform/controller/category/CategoryController.java", "Java", 0, 0, 26, 0, 0, 0, 0, 0, 0, 0, 0, 0, 0, 0, 0, 0, 6, 32
"/Users/ngocthanh/Documents/Material SU26/SWP391/swp391-su26-ai-audit-project-swp391_se20a11_group-02/backend/src/main/java/com/swp391/coding_platform/controller/contest/AdminContestController.java", "Java", 0, 0, 158, 0, 0, 0, 0, 0, 0, 0, 0, 0, 0, 0, 0, 0, 18, 176
"/Users/ngocthanh/Documents/Material SU26/SWP391/swp391-su26-ai-audit-project-swp391_se20a11_group-02/backend/src/main/java/com/swp391/coding_platform/controller/contest/ContestController.java", "Java", 0, 0, 172, 0, 0, 0, 0, 0, 0, 0, 0, 0, 0, 0, 0, 0, 32, 204
"/Users/ngocthanh/Documents/Material SU26/SWP391/swp391-su26-ai-audit-project-swp391_se20a11_group-02/backend/src/main/java/com/swp391/coding_platform/controller/contest/ScoreboardStreamController.java", "Java", 0, 0, 84, 0, 0, 0, 0, 0, 0, 0, 0, 0, 0, 0, 0, 22, 19, 125
"/Users/ngocthanh/Documents/Material SU26/SWP391/swp391-su26-ai-audit-project-swp391_se20a11_group-02/backend/src/main/java/com/swp391/coding_platform/controller/course/CourseController.java", "Java", 0, 0, 255, 0, 0, 0, 0, 0, 0, 0, 0, 0, 0, 0, 0, 0, 51, 306
"/Users/ngocthanh/Documents/Material SU26/SWP391/swp391-su26-ai-audit-project-swp391_se20a11_group-02/backend/src/main/java/com/swp391/coding_platform/controller/course/QuizController.java", "Java", 0, 0, 70, 0, 0, 0, 0, 0, 0, 0, 0, 0, 0, 0, 0, 8, 14, 92
"/Users/ngocthanh/Documents/Material SU26/SWP391/swp391-su26-ai-audit-project-swp391_se20a11_group-02/backend/src/main/java/com/swp391/coding_platform/controller/instructor/InstructorApplicationController.java", "Java", 0, 0, 62, 0, 0, 0, 0, 0, 0, 0, 0, 0, 0, 0, 0, 0, 14, 76
"/Users/ngocthanh/Documents/Material SU26/SWP391/swp391-su26-ai-audit-project-swp391_se20a11_group-02/backend/src/main/java/com/swp391/coding_platform/controller/instructor/InstructorCourseController.java", "Java", 0, 0, 227, 0, 0, 0, 0, 0, 0, 0, 0, 0, 0, 0, 0, 0, 41, 268
"/Users/ngocthanh/Documents/Material SU26/SWP391/swp391-su26-ai-audit-project-swp391_se20a11_group-02/backend/src/main/java/com/swp391/coding_platform/controller/instructor/InstructorRevenueController.java", "Java", 0, 0, 161, 0, 0, 0, 0, 0, 0, 0, 0, 0, 0, 0, 0, 0, 21, 182
"/Users/ngocthanh/Documents/Material SU26/SWP391/swp391-su26-ai-audit-project-swp391_se20a11_group-02/backend/src/main/java/com/swp391/coding_platform/controller/judge0/Judge0Controller.java", "Java", 0, 0, 53, 0, 0, 0, 0, 0, 0, 0, 0, 0, 0, 0, 0, 0, 9, 62
"/Users/ngocthanh/Documents/Material SU26/SWP391/swp391-su26-ai-audit-project-swp391_se20a11_group-02/backend/src/main/java/com/swp391/coding_platform/controller/payment/OrderController.java", "Java", 0, 0, 72, 0, 0, 0, 0, 0, 0, 0, 0, 0, 0, 0, 0, 0, 15, 87
"/Users/ngocthanh/Documents/Material SU26/SWP391/swp391-su26-ai-audit-project-swp391_se20a11_group-02/backend/src/main/java/com/swp391/coding_platform/controller/payment/PaymentController.java", "Java", 0, 0, 93, 0, 0, 0, 0, 0, 0, 0, 0, 0, 0, 0, 0, 0, 17, 110
"/Users/ngocthanh/Documents/Material SU26/SWP391/swp391-su26-ai-audit-project-swp391_se20a11_group-02/backend/src/main/java/com/swp391/coding_platform/controller/payment/TransactionStatisticsController.java", "Java", 0, 0, 70, 0, 0, 0, 0, 0, 0, 0, 0, 0, 0, 0, 0, 0, 13, 83
"/Users/ngocthanh/Documents/Material SU26/SWP391/swp391-su26-ai-audit-project-swp391_se20a11_group-02/backend/src/main/java/com/swp391/coding_platform/controller/problem/AdminProblemController.java", "Java", 0, 0, 165, 0, 0, 0, 0, 0, 0, 0, 0, 0, 0, 0, 0, 0, 22, 187
"/Users/ngocthanh/Documents/Material SU26/SWP391/swp391-su26-ai-audit-project-swp391_se20a11_group-02/backend/src/main/java/com/swp391/coding_platform/controller/problem/ProblemController.java", "Java", 0, 0, 137, 0, 0, 0, 0, 0, 0, 0, 0, 0, 0, 0, 0, 4, 28, 169
"/Users/ngocthanh/Documents/Material SU26/SWP391/swp391-su26-ai-audit-project-swp391_se20a11_group-02/backend/src/main/java/com/swp391/coding_platform/controller/ranking/RankingController.java", "Java", 0, 0, 61, 0, 0, 0, 0, 0, 0, 0, 0, 0, 0, 0, 0, 0, 13, 74
"/Users/ngocthanh/Documents/Material SU26/SWP391/swp391-su26-ai-audit-project-swp391_se20a11_group-02/backend/src/main/java/com/swp391/coding_platform/controller/user/AdminUserController.java", "Java", 0, 0, 46, 0, 0, 0, 0, 0, 0, 0, 0, 0, 0, 0, 0, 0, 10, 56
"/Users/ngocthanh/Documents/Material SU26/SWP391/swp391-su26-ai-audit-project-swp391_se20a11_group-02/backend/src/main/java/com/swp391/coding_platform/controller/user/DashboardController.java", "Java", 0, 0, 94, 0, 0, 0, 0, 0, 0, 0, 0, 0, 0, 0, 0, 0, 19, 113
"/Users/ngocthanh/Documents/Material SU26/SWP391/swp391-su26-ai-audit-project-swp391_se20a11_group-02/backend/src/main/java/com/swp391/coding_platform/controller/user/UserController.java", "Java", 0, 0, 65, 0, 0, 0, 0, 0, 0, 0, 0, 0, 0, 0, 0, 0, 8, 73
"/Users/ngocthanh/Documents/Material SU26/SWP391/swp391-su26-ai-audit-project-swp391_se20a11_group-02/backend/src/main/java/com/swp391/coding_platform/dto/judge0/Judge0BatchRequest.java", "Java", 0, 0, 12, 0, 0, 0, 0, 0, 0, 0, 0, 0, 0, 0, 0, 0, 5, 17
"/Users/ngocthanh/Documents/Material SU26/SWP391/swp391-su26-ai-audit-project-swp391_se20a11_group-02/backend/src/main/java/com/swp391/coding_platform/dto/judge0/Judge0CallbackPayload.java", "Java", 0, 0, 28, 0, 0, 0, 0, 0, 0, 0, 0, 0, 0, 0, 0, 1, 10, 39
"/Users/ngocthanh/Documents/Material SU26/SWP391/swp391-su26-ai-audit-project-swp391_se20a11_group-02/backend/src/main/java/com/swp391/coding_platform/dto/judge0/Judge0SubmissionItem.java", "Java", 0, 0, 25, 0, 0, 0, 0, 0, 0, 0, 0, 0, 0, 0, 0, 0, 9, 34
"/Users/ngocthanh/Documents/Material SU26/SWP391/swp391-su26-ai-audit-project-swp391_se20a11_group-02/backend/src/main/java/com/swp391/coding_platform/dto/judge0/Judge0TokenResponse.java", "Java", 0, 0, 13, 0, 0, 0, 0, 0, 0, 0, 0, 0, 0, 0, 0, 0, 2, 15
"/Users/ngocthanh/Documents/Material SU26/SWP391/swp391-su26-ai-audit-project-swp391_se20a11_group-02/backend/src/main/java/com/swp391/coding_platform/dto/judge0/SubmissionCountDto.java", "Java", 0, 0, 6, 0, 0, 0, 0, 0, 0, 0, 0, 0, 0, 0, 0, 0, 1, 7
"/Users/ngocthanh/Documents/Material SU26/SWP391/swp391-su26-ai-audit-project-swp391_se20a11_group-02/backend/src/main/java/com/swp391/coding_platform/dto/message/ContestRankingDbUpdateMessage.java", "Java", 0, 0, 18, 0, 0, 0, 0, 0, 0, 0, 0, 0, 0, 0, 0, 1, 5, 24
"/Users/ngocthanh/Documents/Material SU26/SWP391/swp391-su26-ai-audit-project-swp391_se20a11_group-02/backend/src/main/java/com/swp391/coding_platform/dto/request/AdminContestProblemRequest.java", "Java", 0, 0, 15, 0, 0, 0, 0, 0, 0, 0, 0, 0, 0, 0, 0, 0, 5, 20
"/Users/ngocthanh/Documents/Material SU26/SWP391/swp391-su26-ai-audit-project-swp391_se20a11_group-02/backend/src/main/java/com/swp391/coding_platform/dto/request/AdminContestRequest.java", "Java", 0, 0, 29, 0, 0, 0, 0, 0, 0, 0, 0, 0, 0, 0, 0, 0, 10, 39
"/Users/ngocthanh/Documents/Material SU26/SWP391/swp391-su26-ai-audit-project-swp391_se20a11_group-02/backend/src/main/java/com/swp391/coding_platform/dto/request/AdminProblemRequest.java", "Java", 0, 0, 31, 0, 0, 0, 0, 0, 0, 0, 0, 0, 0, 0, 0, 0, 5, 36
"/Users/ngocthanh/Documents/Material SU26/SWP391/swp391-su26-ai-audit-project-swp391_se20a11_group-02/backend/src/main/java/com/swp391/coding_platform/dto/request/AdminTestcaseRequest.java", "Java", 0, 0, 19, 0, 0, 0, 0, 0, 0, 0, 0, 0, 0, 0, 0, 0, 3, 22
"/Users/ngocthanh/Documents/Material SU26/SWP391/swp391-su26-ai-audit-project-swp391_se20a11_group-02/backend/src/main/java/com/swp391/coding_platform/dto/request/AppealRequest.java", "Java", 0, 0, 13, 0, 0, 0, 0, 0, 0, 0, 0, 0, 0, 0, 0, 0, 3, 16
"/Users/ngocthanh/Documents/Material SU26/SWP391/swp391-su26-ai-audit-project-swp391_se20a11_group-02/backend/src/main/java/com/swp391/coding_platform/dto/request/ApproveApplicationRequest.java", "Java", 0, 0, 14, 0, 0, 0, 0, 0, 0, 0, 0, 0, 0, 0, 0, 0, 5, 19
"/Users/ngocthanh/Documents/Material SU26/SWP391/swp391-su26-ai-audit-project-swp391_se20a11_group-02/backend/src/main/java/com/swp391/coding_platform/dto/request/AuthenticationRequest.java", "Java", 0, 0, 12, 0, 0, 0, 0, 0, 0, 0, 0, 0, 0, 0, 0, 0, 3, 15
"/Users/ngocthanh/Documents/Material SU26/SWP391/swp391-su26-ai-audit-project-swp391_se20a11_group-02/backend/src/main/java/com/swp391/coding_platform/dto/request/ChangePasswordRequest.java", "Java", 0, 0, 21, 0, 0, 0, 0, 0, 0, 0, 0, 0, 0, 0, 0, 0, 6, 27
"/Users/ngocthanh/Documents/Material SU26/SWP391/swp391-su26-ai-audit-project-swp391_se20a11_group-02/backend/src/main/java/com/swp391/coding_platform/dto/request/ContestRegisterRequest.java", "Java", 0, 0, 11, 0, 0, 0, 0, 0, 0, 0, 0, 0, 0, 0, 0, 0, 3, 14
"/Users/ngocthanh/Documents/Material SU26/SWP391/swp391-su26-ai-audit-project-swp391_se20a11_group-02/backend/src/main/java/com/swp391/coding_platform/dto/request/ContestSearchRequest.java", "Java", 0, 0, 30, 0, 0, 0, 0, 0, 0, 0, 0, 0, 0, 0, 0, 0, 10, 40
"/Users/ngocthanh/Documents/Material SU26/SWP391/swp391-su26-ai-audit-project-swp391_se20a11_group-02/backend/src/main/java/com/swp391/coding_platform/dto/request/CourseReviewRequest.java", "Java", 0, 0, 24, 0, 0, 0, 0, 0, 0, 0, 0, 0, 0, 0, 0, 0, 4, 28
"/Users/ngocthanh/Documents/Material SU26/SWP391/swp391-su26-ai-audit-project-swp391_se20a11_group-02/backend/src/main/java/com/swp391/coding_platform/dto/request/CourseSearchRequest.java", "Java", 0, 0, 47, 0, 0, 0, 0, 0, 0, 0, 0, 0, 0, 0, 0, 4, 15, 66
"/Users/ngocthanh/Documents/Material SU26/SWP391/swp391-su26-ai-audit-project-swp391_se20a11_group-02/backend/src/main/java/com/swp391/coding_platform/dto/request/CreateCommentRequest.java", "Java", 0, 0, 14, 0, 0, 0, 0, 0, 0, 0, 0, 0, 0, 0, 0, 0, 4, 18
"/Users/ngocthanh/Documents/Material SU26/SWP391/swp391-su26-ai-audit-project-swp391_se20a11_group-02/backend/src/main/java/com/swp391/coding_platform/dto/request/GoogleLoginRequest.java", "Java", 0, 0, 13, 0, 0, 0, 0, 0, 0, 0, 0, 0, 0, 0, 0, 0, 3, 16
"/Users/ngocthanh/Documents/Material SU26/SWP391/swp391-su26-ai-audit-project-swp391_se20a11_group-02/backend/src/main/java/com/swp391/coding_platform/dto/request/InstructorApplyRequest.java", "Java", 0, 0, 17, 0, 0, 0, 0, 0, 0, 0, 0, 0, 0, 0, 0, 0, 6, 23
"/Users/ngocthanh/Documents/Material SU26/SWP391/swp391-su26-ai-audit-project-swp391_se20a11_group-02/backend/src/main/java/com/swp391/coding_platform/dto/request/InstructorCourseCreateRequest.java", "Java", 0, 0, 24, 0, 0, 0, 0, 0, 0, 0, 0, 0, 0, 0, 0, 0, 3, 27
"/Users/ngocthanh/Documents/Material SU26/SWP391/swp391-su26-ai-audit-project-swp391_se20a11_group-02/backend/src/main/java/com/swp391/coding_platform/dto/request/InstructorCourseUpdateRequest.java", "Java", 0, 0, 114, 0, 0, 0, 0, 0, 0, 0, 0, 0, 0, 0, 0, 0, 12, 126
"/Users/ngocthanh/Documents/Material SU26/SWP391/swp391-su26-ai-audit-project-swp391_se20a11_group-02/backend/src/main/java/com/swp391/coding_platform/dto/request/IntrospectRequest.java", "Java", 0, 0, 11, 0, 0, 0, 0, 0, 0, 0, 0, 0, 0, 0, 0, 0, 4, 15
"/Users/ngocthanh/Documents/Material SU26/SWP391/swp391-su26-ai-audit-project-swp391_se20a11_group-02/backend/src/main/java/com/swp391/coding_platform/dto/request/LockUserRequest.java", "Java", 0, 0, 14, 0, 0, 0, 0, 0, 0, 0, 0, 0, 0, 0, 0, 0, 3, 17
"/Users/ngocthanh/Documents/Material SU26/SWP391/swp391-su26-ai-audit-project-swp391_se20a11_group-02/backend/src/main/java/com/swp391/coding_platform/dto/request/OjSubmissionRequest.java", "Java", 0, 0, 20, 0, 0, 0, 0, 0, 0, 0, 0, 0, 0, 0, 0, 0, 5, 25
"/Users/ngocthanh/Documents/Material SU26/SWP391/swp391-su26-ai-audit-project-swp391_se20a11_group-02/backend/src/main/java/com/swp391/coding_platform/dto/request/OrderCheckoutRequest.java", "Java", 0, 0, 15, 0, 0, 0, 0, 0, 0, 0, 0, 0, 0, 0, 0, 0, 4, 19
"/Users/ngocthanh/Documents/Material SU26/SWP391/swp391-su26-ai-audit-project-swp391_se20a11_group-02/backend/src/main/java/com/swp391/coding_platform/dto/request/PaymentDepositRequest.java", "Java", 0, 0, 16, 0, 0, 0, 0, 0, 0, 0, 0, 0, 0, 0, 0, 0, 5, 21
"/Users/ngocthanh/Documents/Material SU26/SWP391/swp391-su26-ai-audit-project-swp391_se20a11_group-02/backend/src/main/java/com/swp391/coding_platform/dto/request/QuizSubmitRequest.java", "Java", 0, 0, 24, 0, 0, 0, 0, 0, 0, 0, 0, 0, 0, 0, 0, 0, 6, 30
"/Users/ngocthanh/Documents/Material SU26/SWP391/swp391-su26-ai-audit-project-swp391_se20a11_group-02/backend/src/main/java/com/swp391/coding_platform/dto/request/RegisterRequest.java", "Java", 0, 0, 27, 0, 0, 0, 0, 0, 0, 0, 0, 0, 0, 0, 0, 0, 8, 35
"/Users/ngocthanh/Documents/Material SU26/SWP391/swp391-su26-ai-audit-project-swp391_se20a11_group-02/backend/src/main/java/com/swp391/coding_platform/dto/request/SubmitRequest.java", "Java", 0, 0, 15, 0, 0, 0, 0, 0, 0, 0, 0, 0, 0, 0, 0, 0, 4, 19
"/Users/ngocthanh/Documents/Material SU26/SWP391/swp391-su26-ai-audit-project-swp391_se20a11_group-02/backend/src/main/java/com/swp391/coding_platform/dto/request/TestcaseGeneratorRequest.java", "Java", 0, 0, 15, 0, 0, 0, 0, 0, 0, 0, 0, 0, 0, 0, 0, 0, 4, 19
"/Users/ngocthanh/Documents/Material SU26/SWP391/swp391-su26-ai-audit-project-swp391_se20a11_group-02/backend/src/main/java/com/swp391/coding_platform/dto/request/UpdateInstructorStatusRequest.java", "Java", 0, 0, 13, 0, 0, 0, 0, 0, 0, 0, 0, 0, 0, 0, 0, 0, 3, 16
"/Users/ngocthanh/Documents/Material SU26/SWP391/swp391-su26-ai-audit-project-swp391_se20a11_group-02/backend/src/main/java/com/swp391/coding_platform/dto/response/AdminContestProblemResponse.java", "Java", 0, 0, 15, 0, 0, 0, 0, 0, 0, 0, 0, 0, 0, 0, 0, 0, 3, 18
"/Users/ngocthanh/Documents/Material SU26/SWP391/swp391-su26-ai-audit-project-swp391_se20a11_group-02/backend/src/main/java/com/swp391/coding_platform/dto/response/AdminContestResponse.java", "Java", 0, 0, 27, 0, 0, 0, 0, 0, 0, 0, 0, 0, 0, 0, 0, 0, 4, 31
"/Users/ngocthanh/Documents/Material SU26/SWP391/swp391-su26-ai-audit-project-swp391_se20a11_group-02/backend/src/main/java/com/swp391/coding_platform/dto/response/AdminDashboardStatsResponse.java", "Java", 0, 0, 71, 0, 0, 0, 0, 0, 0, 0, 0, 0, 0, 0, 0, 0, 10, 81
"/Users/ngocthanh/Documents/Material SU26/SWP391/swp391-su26-ai-audit-project-swp391_se20a11_group-02/backend/src/main/java/com/swp391/coding_platform/dto/response/AdminDepositHistoryResponse.java", "Java", 0, 0, 15, 0, 0, 0, 0, 0, 0, 0, 0, 0, 0, 0, 0, 0, 3, 18
"/Users/ngocthanh/Documents/Material SU26/SWP391/swp391-su26-ai-audit-project-swp391_se20a11_group-02/backend/src/main/java/com/swp391/coding_platform/dto/response/AdminFinancialDetailsResponse.java", "Java", 0, 0, 71, 0, 0, 0, 0, 0, 0, 0, 0, 0, 0, 0, 0, 0, 8, 79
"/Users/ngocthanh/Documents/Material SU26/SWP391/swp391-su26-ai-audit-project-swp391_se20a11_group-02/backend/src/main/java/com/swp391/coding_platform/dto/response/AdminFinancialMonthlyRecordResponse.java", "Java", 0, 0, 17, 0, 0, 0, 0, 0, 0, 0, 0, 0, 0, 0, 0, 0, 3, 20
"/Users/ngocthanh/Documents/Material SU26/SWP391/swp391-su26-ai-audit-project-swp391_se20a11_group-02/backend/src/main/java/com/swp391/coding_platform/dto/response/AdminFinancialTopCourseResponse.java", "Java", 0, 0, 16, 0, 0, 0, 0, 0, 0, 0, 0, 0, 0, 0, 0, 0, 3, 19
"/Users/ngocthanh/Documents/Material SU26/SWP391/swp391-su26-ai-audit-project-swp391_se20a11_group-02/backend/src/main/java/com/swp391/coding_platform/dto/response/AdminInstructorResponse.java", "Java", 0, 0, 19, 0, 0, 0, 0, 0, 0, 0, 0, 0, 0, 0, 0, 0, 3, 22
"/Users/ngocthanh/Documents/Material SU26/SWP391/swp391-su26-ai-audit-project-swp391_se20a11_group-02/backend/src/main/java/com/swp391/coding_platform/dto/response/AdminProblemResponse.java", "Java", 0, 0, 34, 0, 0, 0, 0, 0, 0, 0, 0, 0, 0, 0, 0, 0, 3, 37
"/Users/ngocthanh/Documents/Material SU26/SWP391/swp391-su26-ai-audit-project-swp391_se20a11_group-02/backend/src/main/java/com/swp391/coding_platform/dto/response/AdminTestcaseResponse.java", "Java", 0, 0, 16, 0, 0, 0, 0, 0, 0, 0, 0, 0, 0, 0, 0, 0, 3, 19
"/Users/ngocthanh/Documents/Material SU26/SWP391/swp391-su26-ai-audit-project-swp391_se20a11_group-02/backend/src/main/java/com/swp391/coding_platform/dto/response/AdminUserResponse.java", "Java", 0, 0, 35, 0, 0, 0, 0, 0, 0, 0, 0, 0, 0, 0, 0, 0, 4, 39
"/Users/ngocthanh/Documents/Material SU26/SWP391/swp391-su26-ai-audit-project-swp391_se20a11_group-02/backend/src/main/java/com/swp391/coding_platform/dto/response/ApiResponse.java", "Java", 0, 0, 15, 0, 0, 0, 0, 0, 0, 0, 0, 0, 0, 0, 0, 0, 3, 18
"/Users/ngocthanh/Documents/Material SU26/SWP391/swp391-su26-ai-audit-project-swp391_se20a11_group-02/backend/src/main/java/com/swp391/coding_platform/dto/response/AuthenticationResponse.java", "Java", 0, 0, 24, 0, 0, 0, 0, 0, 0, 0, 0, 0, 0, 0, 0, 0, 4, 28
"/Users/ngocthanh/Documents/Material SU26/SWP391/swp391-su26-ai-audit-project-swp391_se20a11_group-02/backend/src/main/java/com/swp391/coding_platform/dto/response/CloudinaryResponse.java", "Java", 0, 0, 13, 0, 0, 0, 0, 0, 0, 0, 0, 0, 0, 0, 0, 0, 3, 16
"/Users/ngocthanh/Documents/Material SU26/SWP391/swp391-su26-ai-audit-project-swp391_se20a11_group-02/backend/src/main/java/com/swp391/coding_platform/dto/response/ContestProblemDetailResponse.java", "Java", 0, 0, 33, 0, 0, 0, 0, 0, 0, 0, 0, 0, 0, 0, 0, 0, 6, 39
"/Users/ngocthanh/Documents/Material SU26/SWP391/swp391-su26-ai-audit-project-swp391_se20a11_group-02/backend/src/main/java/com/swp391/coding_platform/dto/response/ContestProblemResponse.java", "Java", 0, 0, 17, 0, 0, 0, 0, 0, 0, 0, 0, 0, 0, 0, 0, 0, 3, 20
"/Users/ngocthanh/Documents/Material SU26/SWP391/swp391-su26-ai-audit-project-swp391_se20a11_group-02/backend/src/main/java/com/swp391/coding_platform/dto/response/ContestResponse.java", "Java", 0, 0, 24, 0, 0, 0, 0, 0, 0, 0, 0, 0, 0, 0, 0, 0, 3, 27
"/Users/ngocthanh/Documents/Material SU26/SWP391/swp391-su26-ai-audit-project-swp391_se20a11_group-02/backend/src/main/java/com/swp391/coding_platform/dto/response/ContestScoreboardResponse.java", "Java", 0, 0, 36, 0, 0, 0, 0, 0, 0, 0, 0, 0, 0, 0, 0, 0, 5, 41
"/Users/ngocthanh/Documents/Material SU26/SWP391/swp391-su26-ai-audit-project-swp391_se20a11_group-02/backend/src/main/java/com/swp391/coding_platform/dto/response/ContestSubmissionResponse.java", "Java", 0, 0, 21, 0, 0, 0, 0, 0, 0, 0, 0, 0, 0, 0, 0, 0, 3, 24
"/Users/ngocthanh/Documents/Material SU26/SWP391/swp391-su26-ai-audit-project-swp391_se20a11_group-02/backend/src/main/java/com/swp391/coding_platform/dto/response/ContestUserStatsResponse.java", "Java", 0, 0, 17, 0, 0, 0, 0, 0, 0, 0, 0, 0, 0, 0, 0, 0, 3, 20
"/Users/ngocthanh/Documents/Material SU26/SWP391/swp391-su26-ai-audit-project-swp391_se20a11_group-02/backend/src/main/java/com/swp391/coding_platform/dto/response/CourseBreakdownItem.java", "Java", 0, 0, 16, 0, 0, 0, 0, 0, 0, 0, 0, 0, 0, 0, 0, 0, 3, 19
"/Users/ngocthanh/Documents/Material SU26/SWP391/swp391-su26-ai-audit-project-swp391_se20a11_group-02/backend/src/main/java/com/swp391/coding_platform/dto/response/CourseDetailResponse.java", "Java", 0, 0, 37, 0, 0, 0, 0, 0, 0, 0, 0, 0, 0, 0, 0, 0, 4, 41
"/Users/ngocthanh/Documents/Material SU26/SWP391/swp391-su26-ai-audit-project-swp391_se20a11_group-02/backend/src/main/java/com/swp391/coding_platform/dto/response/CourseListItemResponse.java", "Java", 0, 0, 23, 0, 0, 0, 0, 0, 0, 0, 0, 0, 0, 0, 0, 0, 17, 40
"/Users/ngocthanh/Documents/Material SU26/SWP391/swp391-su26-ai-audit-project-swp391_se20a11_group-02/backend/src/main/java/com/swp391/coding_platform/dto/response/CourseRegistrationsItem.java", "Java", 0, 0, 14, 0, 0, 0, 0, 0, 0, 0, 0, 0, 0, 0, 0, 0, 3, 17
"/Users/ngocthanh/Documents/Material SU26/SWP391/swp391-su26-ai-audit-project-swp391_se20a11_group-02/backend/src/main/java/com/swp391/coding_platform/dto/response/CourseReviewDto.java", "Java", 0, 0, 17, 0, 0, 0, 0, 0, 0, 0, 0, 0, 0, 0, 0, 0, 4, 21
"/Users/ngocthanh/Documents/Material SU26/SWP391/swp391-su26-ai-audit-project-swp391_se20a11_group-02/backend/src/main/java/com/swp391/coding_platform/dto/response/CourseReviewStatsResponse.java", "Java", 0, 0, 16, 0, 0, 0, 0, 0, 0, 0, 0, 0, 0, 0, 0, 0, 4, 20
"/Users/ngocthanh/Documents/Material SU26/SWP391/swp391-su26-ai-audit-project-swp391_se20a11_group-02/backend/src/main/java/com/swp391/coding_platform/dto/response/CourseStatisticResponse.java", "Java", 0, 0, 32, 0, 0, 0, 0, 0, 0, 0, 0, 0, 0, 0, 0, 0, 4, 36
"/Users/ngocthanh/Documents/Material SU26/SWP391/swp391-su26-ai-audit-project-swp391_se20a11_group-02/backend/src/main/java/com/swp391/coding_platform/dto/response/CurriculumChapterResponse.java", "Java", 0, 0, 16, 0, 0, 0, 0, 0, 0, 0, 0, 0, 0, 0, 0, 0, 4, 20
"/Users/ngocthanh/Documents/Material SU26/SWP391/swp391-su26-ai-audit-project-swp391_se20a11_group-02/backend/src/main/java/com/swp391/coding_platform/dto/response/CurriculumLessonResponse.java", "Java", 0, 0, 18, 0, 0, 0, 0, 0, 0, 0, 0, 0, 0, 0, 0, 0, 3, 21
"/Users/ngocthanh/Documents/Material SU26/SWP391/swp391-su26-ai-audit-project-swp391_se20a11_group-02/backend/src/main/java/com/swp391/coding_platform/dto/response/DashboardStatsResponse.java", "Java", 0, 0, 19, 0, 0, 0, 0, 0, 0, 0, 0, 0, 0, 0, 0, 0, 4, 23
"/Users/ngocthanh/Documents/Material SU26/SWP391/swp391-su26-ai-audit-project-swp391_se20a11_group-02/backend/src/main/java/com/swp391/coding_platform/dto/response/InstructorApplicationResponse.java", "Java", 0, 0, 28, 0, 0, 0, 0, 0, 0, 0, 0, 0, 0, 0, 0, 0, 4, 32
"/Users/ngocthanh/Documents/Material SU26/SWP391/swp391-su26-ai-audit-project-swp391_se20a11_group-02/backend/src/main/java/com/swp391/coding_platform/dto/response/InstructorChapterResponse.java", "Java", 0, 0, 16, 0, 0, 0, 0, 0, 0, 0, 0, 0, 0, 0, 0, 0, 3, 19
"/Users/ngocthanh/Documents/Material SU26/SWP391/swp391-su26-ai-audit-project-swp391_se20a11_group-02/backend/src/main/java/com/swp391/coding_platform/dto/response/InstructorCourseDetailResponse.java", "Java", 0, 0, 39, 0, 0, 0, 0, 0, 0, 0, 0, 0, 0, 0, 0, 0, 5, 44
"/Users/ngocthanh/Documents/Material SU26/SWP391/swp391-su26-ai-audit-project-swp391_se20a11_group-02/backend/src/main/java/com/swp391/coding_platform/dto/response/InstructorCourseRegistrationsResponse.java", "Java", 0, 0, 14, 0, 0, 0, 0, 0, 0, 0, 0, 0, 0, 0, 0, 0, 3, 17
"/Users/ngocthanh/Documents/Material SU26/SWP391/swp391-su26-ai-audit-project-swp391_se20a11_group-02/backend/src/main/java/com/swp391/coding_platform/dto/response/InstructorCourseResponse.java", "Java", 0, 0, 23, 0, 0, 0, 0, 0, 0, 0, 0, 0, 0, 0, 0, 0, 3, 26
"/Users/ngocthanh/Documents/Material SU26/SWP391/swp391-su26-ai-audit-project-swp391_se20a11_group-02/backend/src/main/java/com/swp391/coding_platform/dto/response/InstructorExerciseResponse.java", "Java", 0, 0, 28, 0, 0, 0, 0, 0, 0, 0, 0, 0, 0, 0, 0, 0, 3, 31
"/Users/ngocthanh/Documents/Material SU26/SWP391/swp391-su26-ai-audit-project-swp391_se20a11_group-02/backend/src/main/java/com/swp391/coding_platform/dto/response/InstructorLessonResponse.java", "Java", 0, 0, 20, 0, 0, 0, 0, 0, 0, 0, 0, 0, 0, 0, 0, 0, 3, 23
"/Users/ngocthanh/Documents/Material SU26/SWP391/swp391-su26-ai-audit-project-swp391_se20a11_group-02/backend/src/main/java/com/swp391/coding_platform/dto/response/InstructorQuizOptionResponse.java", "Java", 0, 0, 14, 0, 0, 0, 0, 0, 0, 0, 0, 0, 0, 0, 0, 0, 3, 17
"/Users/ngocthanh/Documents/Material SU26/SWP391/swp391-su26-ai-audit-project-swp391_se20a11_group-02/backend/src/main/java/com/swp391/coding_platform/dto/response/InstructorQuizQuestionResponse.java", "Java", 0, 0, 15, 0, 0, 0, 0, 0, 0, 0, 0, 0, 0, 0, 0, 0, 3, 18
"/Users/ngocthanh/Documents/Material SU26/SWP391/swp391-su26-ai-audit-project-swp391_se20a11_group-02/backend/src/main/java/com/swp391/coding_platform/dto/response/InstructorQuizResponse.java", "Java", 0, 0, 14, 0, 0, 0, 0, 0, 0, 0, 0, 0, 0, 0, 0, 0, 3, 17
"/Users/ngocthanh/Documents/Material SU26/SWP391/swp391-su26-ai-audit-project-swp391_se20a11_group-02/backend/src/main/java/com/swp391/coding_platform/dto/response/InstructorRevenueResponse.java", "Java", 0, 0, 23, 0, 0, 0, 0, 0, 0, 0, 0, 0, 0, 0, 0, 0, 3, 26
"/Users/ngocthanh/Documents/Material SU26/SWP391/swp391-su26-ai-audit-project-swp391_se20a11_group-02/backend/src/main/java/com/swp391/coding_platform/dto/response/InstructorRevenueSummary.java", "Java", 0, 0, 13, 0, 0, 0, 0, 0, 0, 0, 0, 0, 0, 0, 0, 0, 4, 17
"/Users/ngocthanh/Documents/Material SU26/SWP391/swp391-su26-ai-audit-project-swp391_se20a11_group-02/backend/src/main/java/com/swp391/coding_platform/dto/response/InstructorTestcaseResponse.java", "Java", 0, 0, 14, 0, 0, 0, 0, 0, 0, 0, 0, 0, 0, 0, 0, 0, 3, 17
"/Users/ngocthanh/Documents/Material SU26/SWP391/swp391-su26-ai-audit-project-swp391_se20a11_group-02/backend/src/main/java/com/swp391/coding_platform/dto/response/IntrospectResponse.java", "Java", 0, 0, 11, 0, 0, 0, 0, 0, 0, 0, 0, 0, 0, 0, 0, 0, 3, 14
"/Users/ngocthanh/Documents/Material SU26/SWP391/swp391-su26-ai-audit-project-swp391_se20a11_group-02/backend/src/main/java/com/swp391/coding_platform/dto/response/LearningCurriculumChapterResponse.java", "Java", 0, 0, 16, 0, 0, 0, 0, 0, 0, 0, 0, 0, 0, 0, 0, 0, 3, 19
"/Users/ngocthanh/Documents/Material SU26/SWP391/swp391-su26-ai-audit-project-swp391_se20a11_group-02/backend/src/main/java/com/swp391/coding_platform/dto/response/LearningCurriculumLessonResponse.java", "Java", 0, 0, 18, 0, 0, 0, 0, 0, 0, 0, 0, 0, 0, 0, 0, 0, 3, 21
"/Users/ngocthanh/Documents/Material SU26/SWP391/swp391-su26-ai-audit-project-swp391_se20a11_group-02/backend/src/main/java/com/swp391/coding_platform/dto/response/LearningDetailResponse.java", "Java", 0, 0, 19, 0, 0, 0, 0, 0, 0, 0, 0, 0, 0, 0, 0, 1, 4, 24
"/Users/ngocthanh/Documents/Material SU26/SWP391/swp391-su26-ai-audit-project-swp391_se20a11_group-02/backend/src/main/java/com/swp391/coding_platform/dto/response/LearningExerciseResponse.java", "Java", 0, 0, 17, 0, 0, 0, 0, 0, 0, 0, 0, 0, 0, 0, 0, 0, 3, 20
"/Users/ngocthanh/Documents/Material SU26/SWP391/swp391-su26-ai-audit-project-swp391_se20a11_group-02/backend/src/main/java/com/swp391/coding_platform/dto/response/LearningLessonResponse.java", "Java", 0, 0, 17, 0, 0, 0, 0, 0, 0, 0, 0, 0, 0, 0, 0, 0, 3, 20
"/Users/ngocthanh/Documents/Material SU26/SWP391/swp391-su26-ai-audit-project-swp391_se20a11_group-02/backend/src/main/java/com/swp391/coding_platform/dto/response/LessonCommentResponse.java", "Java", 0, 0, 21, 0, 0, 0, 0, 0, 0, 0, 0, 0, 0, 0, 0, 0, 6, 27
"/Users/ngocthanh/Documents/Material SU26/SWP391/swp391-su26-ai-audit-project-swp391_se20a11_group-02/backend/src/main/java/com/swp391/coding_platform/dto/response/MonthlyChartItem.java", "Java", 0, 0, 17, 0, 0, 0, 0, 0, 0, 0, 0, 0, 0, 0, 0, 0, 3, 20
"/Users/ngocthanh/Documents/Material SU26/SWP391/swp391-su26-ai-audit-project-swp391_se20a11_group-02/backend/src/main/java/com/swp391/coding_platform/dto/response/MyContestHistoryResponse.java", "Java", 0, 0, 19, 0, 0, 0, 0, 0, 0, 0, 0, 0, 0, 0, 0, 0, 3, 22
"/Users/ngocthanh/Documents/Material SU26/SWP391/swp391-su26-ai-audit-project-swp391_se20a11_group-02/backend/src/main/java/com/swp391/coding_platform/dto/response/MyContestStatsResponse.java", "Java", 0, 0, 14, 0, 0, 0, 0, 0, 0, 0, 0, 0, 0, 0, 0, 0, 3, 17
"/Users/ngocthanh/Documents/Material SU26/SWP391/swp391-su26-ai-audit-project-swp391_se20a11_group-02/backend/src/main/java/com/swp391/coding_platform/dto/response/OjSubmissionInitialResponse.java", "Java", 0, 0, 13, 0, 0, 0, 0, 0, 0, 0, 0, 0, 0, 0, 0, 0, 2, 15
"/Users/ngocthanh/Documents/Material SU26/SWP391/swp391-su26-ai-audit-project-swp391_se20a11_group-02/backend/src/main/java/com/swp391/coding_platform/dto/response/OjWebSocketMessage.java", "Java", 0, 0, 23, 0, 0, 0, 0, 0, 0, 0, 0, 0, 0, 0, 0, 1, 6, 30
"/Users/ngocthanh/Documents/Material SU26/SWP391/swp391-su26-ai-audit-project-swp391_se20a11_group-02/backend/src/main/java/com/swp391/coding_platform/dto/response/OrderCheckoutResponse.java", "Java", 0, 0, 16, 0, 0, 0, 0, 0, 0, 0, 0, 0, 0, 0, 0, 0, 6, 22
"/Users/ngocthanh/Documents/Material SU26/SWP391/swp391-su26-ai-audit-project-swp391_se20a11_group-02/backend/src/main/java/com/swp391/coding_platform/dto/response/PageResponse.java", "Java", 0, 0, 33, 0, 0, 0, 0, 0, 0, 0, 0, 0, 0, 0, 0, 0, 5, 38
"/Users/ngocthanh/Documents/Material SU26/SWP391/swp391-su26-ai-audit-project-swp391_se20a11_group-02/backend/src/main/java/com/swp391/coding_platform/dto/response/PaymentDepositResponse.java", "Java", 0, 0, 16, 0, 0, 0, 0, 0, 0, 0, 0, 0, 0, 0, 0, 0, 3, 19
"/Users/ngocthanh/Documents/Material SU26/SWP391/swp391-su26-ai-audit-project-swp391_se20a11_group-02/backend/src/main/java/com/swp391/coding_platform/dto/response/PaymentTransactionStatisticResponse.java", "Java", 0, 0, 19, 0, 0, 0, 0, 0, 0, 0, 0, 0, 0, 0, 0, 0, 4, 23
"/Users/ngocthanh/Documents/Material SU26/SWP391/swp391-su26-ai-audit-project-swp391_se20a11_group-02/backend/src/main/java/com/swp391/coding_platform/dto/response/PayoutHistoryItem.java", "Java", 0, 0, 20, 0, 0, 0, 0, 0, 0, 0, 0, 0, 0, 0, 0, 0, 3, 23
"/Users/ngocthanh/Documents/Material SU26/SWP391/swp391-su26-ai-audit-project-swp391_se20a11_group-02/backend/src/main/java/com/swp391/coding_platform/dto/response/ProblemCommentResponse.java", "Java", 0, 0, 22, 0, 0, 0, 0, 0, 0, 0, 0, 0, 0, 0, 0, 0, 4, 26
"/Users/ngocthanh/Documents/Material SU26/SWP391/swp391-su26-ai-audit-project-swp391_se20a11_group-02/backend/src/main/java/com/swp391/coding_platform/dto/response/ProblemDescriptionResponse.java", "Java", 0, 0, 31, 0, 0, 0, 0, 0, 0, 0, 0, 0, 0, 0, 0, 0, 5, 36
"/Users/ngocthanh/Documents/Material SU26/SWP391/swp391-su26-ai-audit-project-swp391_se20a11_group-02/backend/src/main/java/com/swp391/coding_platform/dto/response/ProblemListItemResponse.java", "Java", 0, 0, 20, 0, 0, 0, 0, 0, 0, 0, 0, 0, 0, 0, 0, 0, 4, 24
"/Users/ngocthanh/Documents/Material SU26/SWP391/swp391-su26-ai-audit-project-swp391_se20a11_group-02/backend/src/main/java/com/swp391/coding_platform/dto/response/ProblemSolutionResponse.java", "Java", 0, 0, 13, 0, 0, 0, 0, 0, 0, 0, 0, 0, 0, 0, 0, 0, 3, 16
"/Users/ngocthanh/Documents/Material SU26/SWP391/swp391-su26-ai-audit-project-swp391_se20a11_group-02/backend/src/main/java/com/swp391/coding_platform/dto/response/ProblemSubmissionResponse.java", "Java", 0, 0, 18, 0, 0, 0, 0, 0, 0, 0, 0, 0, 0, 0, 0, 0, 3, 21
"/Users/ngocthanh/Documents/Material SU26/SWP391/swp391-su26-ai-audit-project-swp391_se20a11_group-02/backend/src/main/java/com/swp391/coding_platform/dto/response/ProblemTagResponse.java", "Java", 0, 0, 13, 0, 0, 0, 0, 0, 0, 0, 0, 0, 0, 0, 0, 0, 3, 16
"/Users/ngocthanh/Documents/Material SU26/SWP391/swp391-su26-ai-audit-project-swp391_se20a11_group-02/backend/src/main/java/com/swp391/coding_platform/dto/response/PurchaseHistoryResponse.java", "Java", 0, 0, 19, 0, 0, 0, 0, 0, 0, 0, 0, 0, 0, 0, 0, 0, 4, 23
"/Users/ngocthanh/Documents/Material SU26/SWP391/swp391-su26-ai-audit-project-swp391_se20a11_group-02/backend/src/main/java/com/swp391/coding_platform/dto/response/PurchaseItemResponse.java", "Java", 0, 0, 15, 0, 0, 0, 0, 0, 0, 0, 0, 0, 0, 0, 0, 0, 4, 19
"/Users/ngocthanh/Documents/Material SU26/SWP391/swp391-su26-ai-audit-project-swp391_se20a11_group-02/backend/src/main/java/com/swp391/coding_platform/dto/response/QuizDetailResponse.java", "Java", 0, 0, 20, 0, 0, 0, 0, 0, 0, 0, 0, 0, 0, 0, 0, 1, 5, 26
"/Users/ngocthanh/Documents/Material SU26/SWP391/swp391-su26-ai-audit-project-swp391_se20a11_group-02/backend/src/main/java/com/swp391/coding_platform/dto/response/QuizOptionResponse.java", "Java", 0, 0, 14, 0, 0, 0, 0, 0, 0, 0, 0, 0, 0, 0, 0, 1, 4, 19
"/Users/ngocthanh/Documents/Material SU26/SWP391/swp391-su26-ai-audit-project-swp391_se20a11_group-02/backend/src/main/java/com/swp391/coding_platform/dto/response/QuizOptionResultResponse.java", "Java", 0, 0, 14, 0, 0, 0, 0, 0, 0, 0, 0, 0, 0, 0, 0, 0, 3, 17
"/Users/ngocthanh/Documents/Material SU26/SWP391/swp391-su26-ai-audit-project-swp391_se20a11_group-02/backend/src/main/java/com/swp391/coding_platform/dto/response/QuizQuestionResponse.java", "Java", 0, 0, 18, 0, 0, 0, 0, 0, 0, 0, 0, 0, 0, 0, 0, 1, 4, 23
"/Users/ngocthanh/Documents/Material SU26/SWP391/swp391-su26-ai-audit-project-swp391_se20a11_group-02/backend/src/main/java/com/swp391/coding_platform/dto/response/QuizQuestionResultResponse.java", "Java", 0, 0, 17, 0, 0, 0, 0, 0, 0, 0, 0, 0, 0, 0, 0, 0, 3, 20
"/Users/ngocthanh/Documents/Material SU26/SWP391/swp391-su26-ai-audit-project-swp391_se20a11_group-02/backend/src/main/java/com/swp391/coding_platform/dto/response/QuizSubmitResultResponse.java", "Java", 0, 0, 18, 0, 0, 0, 0, 0, 0, 0, 0, 0, 0, 0, 0, 0, 3, 21
"/Users/ngocthanh/Documents/Material SU26/SWP391/swp391-su26-ai-audit-project-swp391_se20a11_group-02/backend/src/main/java/com/swp391/coding_platform/dto/response/RankingUserResponse.java", "Java", 0, 0, 15, 0, 0, 0, 0, 0, 0, 0, 0, 0, 0, 0, 0, 0, 3, 18
"/Users/ngocthanh/Documents/Material SU26/SWP391/swp391-su26-ai-audit-project-swp391_se20a11_group-02/backend/src/main/java/com/swp391/coding_platform/dto/response/RecentRegistration.java", "Java", 0, 0, 16, 0, 0, 0, 0, 0, 0, 0, 0, 0, 0, 0, 0, 0, 3, 19
"/Users/ngocthanh/Documents/Material SU26/SWP391/swp391-su26-ai-audit-project-swp391_se20a11_group-02/backend/src/main/java/com/swp391/coding_platform/dto/response/SalesHistoryItem.java", "Java", 0, 0, 18, 0, 0, 0, 0, 0, 0, 0, 0, 0, 0, 0, 0, 0, 3, 21
"/Users/ngocthanh/Documents/Material SU26/SWP391/swp391-su26-ai-audit-project-swp391_se20a11_group-02/backend/src/main/java/com/swp391/coding_platform/dto/response/SubmissionStatisticResponse.java", "Java", 0, 0, 15, 0, 0, 0, 0, 0, 0, 0, 0, 0, 0, 0, 0, 0, 3, 18
"/Users/ngocthanh/Documents/Material SU26/SWP391/swp391-su26-ai-audit-project-swp391_se20a11_group-02/backend/src/main/java/com/swp391/coding_platform/dto/response/SubmitResponse.java", "Java", 0, 0, 15, 0, 0, 0, 0, 0, 0, 0, 0, 0, 0, 0, 0, 0, 3, 18
"/Users/ngocthanh/Documents/Material SU26/SWP391/swp391-su26-ai-audit-project-swp391_se20a11_group-02/backend/src/main/java/com/swp391/coding_platform/dto/response/TransactionStatisticResponse.java", "Java", 0, 0, 18, 0, 0, 0, 0, 0, 0, 0, 0, 0, 0, 0, 0, 0, 4, 22
"/Users/ngocthanh/Documents/Material SU26/SWP391/swp391-su26-ai-audit-project-swp391_se20a11_group-02/backend/src/main/java/com/swp391/coding_platform/dto/response/UserActivityResponse.java", "Java", 0, 0, 14, 0, 0, 0, 0, 0, 0, 0, 0, 0, 0, 0, 0, 0, 4, 18
"/Users/ngocthanh/Documents/Material SU26/SWP391/swp391-su26-ai-audit-project-swp391_se20a11_group-02/backend/src/main/java/com/swp391/coding_platform/dto/response/UserRankStatsResponse.java", "Java", 0, 0, 14, 0, 0, 0, 0, 0, 0, 0, 0, 0, 0, 0, 0, 0, 3, 17
"/Users/ngocthanh/Documents/Material SU26/SWP391/swp391-su26-ai-audit-project-swp391_se20a11_group-02/backend/src/main/java/com/swp391/coding_platform/dto/response/UserResponse.java", "Java", 0, 0, 17, 0, 0, 0, 0, 0, 0, 0, 0, 0, 0, 0, 0, 0, 3, 20
"/Users/ngocthanh/Documents/Material SU26/SWP391/swp391-su26-ai-audit-project-swp391_se20a11_group-02/backend/src/main/java/com/swp391/coding_platform/entity/auth/InvalidatedTokenEntity.java", "Java", 0, 0, 25, 0, 0, 0, 0, 0, 0, 0, 0, 0, 0, 0, 0, 0, 8, 33
"/Users/ngocthanh/Documents/Material SU26/SWP391/swp391-su26-ai-audit-project-swp391_se20a11_group-02/backend/src/main/java/com/swp391/coding_platform/entity/auth/RoleEntity.java", "Java", 0, 0, 21, 0, 0, 0, 0, 0, 0, 0, 0, 0, 0, 0, 0, 0, 5, 26
"/Users/ngocthanh/Documents/Material SU26/SWP391/swp391-su26-ai-audit-project-swp391_se20a11_group-02/backend/src/main/java/com/swp391/coding_platform/entity/cart/CartEntity.java", "Java", 0, 0, 45, 0, 0, 0, 0, 0, 0, 0, 0, 0, 0, 0, 0, 0, 17, 62
"/Users/ngocthanh/Documents/Material SU26/SWP391/swp391-su26-ai-audit-project-swp391_se20a11_group-02/backend/src/main/java/com/swp391/coding_platform/entity/cart/CartItemEntity.java", "Java", 0, 0, 33, 0, 0, 0, 0, 0, 0, 0, 0, 0, 0, 0, 0, 0, 13, 46
"/Users/ngocthanh/Documents/Material SU26/SWP391/swp391-su26-ai-audit-project-swp391_se20a11_group-02/backend/src/main/java/com/swp391/coding_platform/entity/category/CategoryEntity.java", "Java", 0, 0, 33, 0, 0, 0, 0, 0, 0, 0, 0, 0, 0, 0, 0, 0, 10, 43
"/Users/ngocthanh/Documents/Material SU26/SWP391/swp391-su26-ai-audit-project-swp391_se20a11_group-02/backend/src/main/java/com/swp391/coding_platform/entity/contest/ContestEntity.java", "Java", 0, 0, 52, 0, 0, 0, 0, 0, 0, 0, 0, 0, 0, 0, 0, 0, 18, 70
"/Users/ngocthanh/Documents/Material SU26/SWP391/swp391-su26-ai-audit-project-swp391_se20a11_group-02/backend/src/main/java/com/swp391/coding_platform/entity/contest/ContestParticipantEntity.java", "Java", 0, 0, 28, 0, 0, 0, 0, 0, 0, 0, 0, 0, 0, 0, 0, 0, 8, 36
"/Users/ngocthanh/Documents/Material SU26/SWP391/swp391-su26-ai-audit-project-swp391_se20a11_group-02/backend/src/main/java/com/swp391/coding_platform/entity/contest/ContestProblemAttemptEntity.java", "Java", 0, 0, 43, 0, 0, 0, 0, 0, 0, 0, 0, 0, 0, 0, 0, 0, 13, 56
"/Users/ngocthanh/Documents/Material SU26/SWP391/swp391-su26-ai-audit-project-swp391_se20a11_group-02/backend/src/main/java/com/swp391/coding_platform/entity/contest/ContestProblemEntity.java", "Java", 0, 0, 26, 0, 0, 0, 0, 0, 0, 0, 0, 0, 0, 0, 0, 0, 7, 33
"/Users/ngocthanh/Documents/Material SU26/SWP391/swp391-su26-ai-audit-project-swp391_se20a11_group-02/backend/src/main/java/com/swp391/coding_platform/entity/contest/ContestRankingEntity.java", "Java", 0, 0, 34, 0, 0, 0, 0, 0, 0, 0, 0, 0, 0, 0, 0, 0, 10, 44
"/Users/ngocthanh/Documents/Material SU26/SWP391/swp391-su26-ai-audit-project-swp391_se20a11_group-02/backend/src/main/java/com/swp391/coding_platform/entity/course/ChapterEntity.java", "Java", 0, 0, 35, 0, 0, 0, 0, 0, 0, 0, 0, 0, 0, 0, 0, 0, 12, 47
"/Users/ngocthanh/Documents/Material SU26/SWP391/swp391-su26-ai-audit-project-swp391_se20a11_group-02/backend/src/main/java/com/swp391/coding_platform/entity/course/CourseEntity.java", "Java", 0, 0, 90, 0, 0, 0, 0, 0, 0, 0, 0, 0, 0, 0, 0, 0, 29, 119
"/Users/ngocthanh/Documents/Material SU26/SWP391/swp391-su26-ai-audit-project-swp391_se20a11_group-02/backend/src/main/java/com/swp391/coding_platform/entity/course/CourseReviewEntity.java", "Java", 0, 0, 35, 0, 0, 0, 0, 0, 0, 0, 0, 0, 0, 0, 0, 0, 11, 46
"/Users/ngocthanh/Documents/Material SU26/SWP391/swp391-su26-ai-audit-project-swp391_se20a11_group-02/backend/src/main/java/com/swp391/coding_platform/entity/course/EnrollmentEntity.java", "Java", 0, 0, 33, 0, 0, 0, 0, 0, 0, 0, 0, 0, 0, 0, 0, 0, 9, 42
"/Users/ngocthanh/Documents/Material SU26/SWP391/swp391-su26-ai-audit-project-swp391_se20a11_group-02/backend/src/main/java/com/swp391/coding_platform/entity/course/LessonCommentEntity.java", "Java", 0, 0, 42, 0, 0, 0, 0, 0, 0, 0, 0, 0, 0, 0, 0, 0, 12, 54
"/Users/ngocthanh/Documents/Material SU26/SWP391/swp391-su26-ai-audit-project-swp391_se20a11_group-02/backend/src/main/java/com/swp391/coding_platform/entity/course/LessonEntity.java", "Java", 0, 0, 47, 0, 0, 0, 0, 0, 0, 0, 0, 0, 0, 0, 0, 0, 16, 63
"/Users/ngocthanh/Documents/Material SU26/SWP391/swp391-su26-ai-audit-project-swp391_se20a11_group-02/backend/src/main/java/com/swp391/coding_platform/entity/course/LessonProblemEntity.java", "Java", 0, 0, 27, 0, 0, 0, 0, 0, 0, 0, 0, 0, 0, 0, 0, 0, 7, 34
"/Users/ngocthanh/Documents/Material SU26/SWP391/swp391-su26-ai-audit-project-swp391_se20a11_group-02/backend/src/main/java/com/swp391/coding_platform/entity/course/QuizAttemptAnswerEntity.java", "Java", 0, 0, 26, 0, 0, 0, 0, 0, 0, 0, 0, 0, 0, 0, 0, 0, 7, 33
"/Users/ngocthanh/Documents/Material SU26/SWP391/swp391-su26-ai-audit-project-swp391_se20a11_group-02/backend/src/main/java/com/swp391/coding_platform/entity/course/QuizAttemptEntity.java", "Java", 0, 0, 40, 0, 0, 0, 0, 0, 0, 0, 0, 0, 0, 0, 0, 0, 13, 53
"/Users/ngocthanh/Documents/Material SU26/SWP391/swp391-su26-ai-audit-project-swp391_se20a11_group-02/backend/src/main/java/com/swp391/coding_platform/entity/course/QuizEntity.java", "Java", 0, 0, 32, 0, 0, 0, 0, 0, 0, 0, 0, 0, 0, 0, 0, 0, 9, 41
"/Users/ngocthanh/Documents/Material SU26/SWP391/swp391-su26-ai-audit-project-swp391_se20a11_group-02/backend/src/main/java/com/swp391/coding_platform/entity/course/QuizOptionEntity.java", "Java", 0, 0, 33, 0, 0, 0, 0, 0, 0, 0, 0, 0, 0, 0, 0, 0, 10, 43
"/Users/ngocthanh/Documents/Material SU26/SWP391/swp391-su26-ai-audit-project-swp391_se20a11_group-02/backend/src/main/java/com/swp391/coding_platform/entity/course/QuizQuestionEntity.java", "Java", 0, 0, 35, 0, 0, 0, 0, 0, 0, 0, 0, 0, 0, 0, 0, 0, 10, 45
"/Users/ngocthanh/Documents/Material SU26/SWP391/swp391-su26-ai-audit-project-swp391_se20a11_group-02/backend/src/main/java/com/swp391/coding_platform/entity/enums/ContestStatus.java", "Java", 0, 0, 6, 0, 0, 0, 0, 0, 0, 0, 0, 0, 0, 0, 0, 0, 2, 8
"/Users/ngocthanh/Documents/Material SU26/SWP391/swp391-su26-ai-audit-project-swp391_se20a11_group-02/backend/src/main/java/com/swp391/coding_platform/entity/enums/CourseStatus.java", "Java", 0, 0, 7, 0, 0, 0, 0, 0, 0, 0, 0, 0, 0, 0, 0, 0, 2, 9
"/Users/ngocthanh/Documents/Material SU26/SWP391/swp391-su26-ai-audit-project-swp391_se20a11_group-02/backend/src/main/java/com/swp391/coding_platform/entity/enums/EnrollmentStatus.java", "Java", 0, 0, 6, 0, 0, 0, 0, 0, 0, 0, 0, 0, 0, 0, 0, 0, 2, 8
"/Users/ngocthanh/Documents/Material SU26/SWP391/swp391-su26-ai-audit-project-swp391_se20a11_group-02/backend/src/main/java/com/swp391/coding_platform/entity/enums/InstructorAppStatus.java", "Java", 0, 0, 7, 0, 0, 0, 0, 0, 0, 0, 0, 0, 0, 0, 0, 0, 2, 9
"/Users/ngocthanh/Documents/Material SU26/SWP391/swp391-su26-ai-audit-project-swp391_se20a11_group-02/backend/src/main/java/com/swp391/coding_platform/entity/enums/InstructorStatus.java", "Java", 0, 0, 5, 0, 0, 0, 0, 0, 0, 0, 0, 0, 0, 0, 0, 0, 2, 7
"/Users/ngocthanh/Documents/Material SU26/SWP391/swp391-su26-ai-audit-project-swp391_se20a11_group-02/backend/src/main/java/com/swp391/coding_platform/entity/enums/LessonStatus.java", "Java", 0, 0, 5, 0, 0, 0, 0, 0, 0, 0, 0, 0, 0, 0, 0, 0, 2, 7
"/Users/ngocthanh/Documents/Material SU26/SWP391/swp391-su26-ai-audit-project-swp391_se20a11_group-02/backend/src/main/java/com/swp391/coding_platform/entity/enums/OjVerdict.java", "Java", 0, 0, 12, 0, 0, 0, 0, 0, 0, 0, 0, 0, 0, 0, 0, 0, 2, 14
"/Users/ngocthanh/Documents/Material SU26/SWP391/swp391-su26-ai-audit-project-swp391_se20a11_group-02/backend/src/main/java/com/swp391/coding_platform/entity/enums/OrderStatus.java", "Java", 0, 0, 6, 0, 0, 0, 0, 0, 0, 0, 0, 0, 0, 0, 0, 0, 2, 8
"/Users/ngocthanh/Documents/Material SU26/SWP391/swp391-su26-ai-audit-project-swp391_se20a11_group-02/backend/src/main/java/com/swp391/coding_platform/entity/enums/PaymentType.java", "Java", 0, 0, 4, 0, 0, 0, 0, 0, 0, 0, 0, 0, 0, 0, 0, 0, 2, 6
"/Users/ngocthanh/Documents/Material SU26/SWP391/swp391-su26-ai-audit-project-swp391_se20a11_group-02/backend/src/main/java/com/swp391/coding_platform/entity/enums/PayoutStatus.java", "Java", 0, 0, 7, 0, 0, 0, 0, 0, 0, 0, 0, 0, 0, 0, 0, 0, 2, 9
"/Users/ngocthanh/Documents/Material SU26/SWP391/swp391-su26-ai-audit-project-swp391_se20a11_group-02/backend/src/main/java/com/swp391/coding_platform/entity/enums/ProblemDifficulty.java", "Java", 0, 0, 6, 0, 0, 0, 0, 0, 0, 0, 0, 0, 0, 0, 0, 0, 2, 8
"/Users/ngocthanh/Documents/Material SU26/SWP391/swp391-su26-ai-audit-project-swp391_se20a11_group-02/backend/src/main/java/com/swp391/coding_platform/entity/enums/ProblemScope.java", "Java", 0, 0, 7, 0, 0, 0, 0, 0, 0, 0, 0, 0, 0, 0, 0, 0, 2, 9
"/Users/ngocthanh/Documents/Material SU26/SWP391/swp391-su26-ai-audit-project-swp391_se20a11_group-02/backend/src/main/java/com/swp391/coding_platform/entity/enums/RoleName.java", "Java", 0, 0, 6, 0, 0, 0, 0, 0, 0, 0, 0, 0, 0, 0, 0, 0, 2, 8
"/Users/ngocthanh/Documents/Material SU26/SWP391/swp391-su26-ai-audit-project-swp391_se20a11_group-02/backend/src/main/java/com/swp391/coding_platform/entity/enums/ScoringRule.java", "Java", 0, 0, 6, 0, 0, 0, 0, 0, 0, 0, 0, 0, 0, 0, 0, 0, 2, 8
"/Users/ngocthanh/Documents/Material SU26/SWP391/swp391-su26-ai-audit-project-swp391_se20a11_group-02/backend/src/main/java/com/swp391/coding_platform/entity/enums/StatusTransaction.java", "Java", 0, 0, 7, 0, 0, 0, 0, 0, 0, 0, 0, 0, 0, 0, 0, 0, 2, 9
"/Users/ngocthanh/Documents/Material SU26/SWP391/swp391-su26-ai-audit-project-swp391_se20a11_group-02/backend/src/main/java/com/swp391/coding_platform/entity/enums/TransactionType.java", "Java", 0, 0, 9, 0, 0, 0, 0, 0, 0, 0, 0, 0, 0, 0, 0, 0, 2, 11
"/Users/ngocthanh/Documents/Material SU26/SWP391/swp391-su26-ai-audit-project-swp391_se20a11_group-02/backend/src/main/java/com/swp391/coding_platform/entity/enums/UserStatus.java", "Java", 0, 0, 5, 0, 0, 0, 0, 0, 0, 0, 0, 0, 0, 0, 0, 0, 2, 7
"/Users/ngocthanh/Documents/Material SU26/SWP391/swp391-su26-ai-audit-project-swp391_se20a11_group-02/backend/src/main/java/com/swp391/coding_platform/entity/instructor/InstructorApplicationEntity.java", "Java", 0, 0, 60, 0, 0, 0, 0, 0, 0, 0, 0, 0, 0, 0, 0, 0, 21, 81
"/Users/ngocthanh/Documents/Material SU26/SWP391/swp391-su26-ai-audit-project-swp391_se20a11_group-02/backend/src/main/java/com/swp391/coding_platform/entity/instructor/InstructorEntity.java", "Java", 0, 0, 39, 0, 0, 0, 0, 0, 0, 0, 0, 0, 0, 0, 0, 0, 12, 51
"/Users/ngocthanh/Documents/Material SU26/SWP391/swp391-su26-ai-audit-project-swp391_se20a11_group-02/backend/src/main/java/com/swp391/coding_platform/entity/payment/OrderEntity.java", "Java", 0, 0, 43, 0, 0, 0, 0, 0, 0, 0, 0, 0, 0, 0, 0, 0, 11, 54
"/Users/ngocthanh/Documents/Material SU26/SWP391/swp391-su26-ai-audit-project-swp391_se20a11_group-02/backend/src/main/java/com/swp391/coding_platform/entity/payment/OrderItemEntity.java", "Java", 0, 0, 28, 0, 0, 0, 0, 0, 0, 0, 0, 0, 0, 0, 0, 0, 8, 36
"/Users/ngocthanh/Documents/Material SU26/SWP391/swp391-su26-ai-audit-project-swp391_se20a11_group-02/backend/src/main/java/com/swp391/coding_platform/entity/payment/PaymentTransactionEntity.java", "Java", 0, 0, 42, 0, 0, 0, 0, 0, 0, 0, 0, 0, 0, 0, 0, 0, 11, 53
"/Users/ngocthanh/Documents/Material SU26/SWP391/swp391-su26-ai-audit-project-swp391_se20a11_group-02/backend/src/main/java/com/swp391/coding_platform/entity/payment/PayoutRequestEntity.java", "Java", 0, 0, 50, 0, 0, 0, 0, 0, 0, 0, 0, 0, 0, 0, 0, 0, 16, 66
"/Users/ngocthanh/Documents/Material SU26/SWP391/swp391-su26-ai-audit-project-swp391_se20a11_group-02/backend/src/main/java/com/swp391/coding_platform/entity/payment/WalletEntity.java", "Java", 0, 0, 34, 0, 0, 0, 0, 0, 0, 0, 0, 0, 0, 0, 0, 0, 9, 43
"/Users/ngocthanh/Documents/Material SU26/SWP391/swp391-su26-ai-audit-project-swp391_se20a11_group-02/backend/src/main/java/com/swp391/coding_platform/entity/payment/WalletTransactionEntity.java", "Java", 0, 0, 45, 0, 0, 0, 0, 0, 0, 0, 0, 0, 0, 0, 0, 0, 12, 57
"/Users/ngocthanh/Documents/Material SU26/SWP391/swp391-su26-ai-audit-project-swp391_se20a11_group-02/backend/src/main/java/com/swp391/coding_platform/entity/problem/ProblemCommentEntity.java", "Java", 0, 0, 37, 0, 0, 0, 0, 0, 0, 0, 0, 0, 0, 0, 0, 0, 11, 48
"/Users/ngocthanh/Documents/Material SU26/SWP391/swp391-su26-ai-audit-project-swp391_se20a11_group-02/backend/src/main/java/com/swp391/coding_platform/entity/problem/ProblemEntity.java", "Java", 0, 0, 85, 0, 0, 0, 0, 0, 0, 0, 0, 0, 0, 0, 0, 0, 29, 114
"/Users/ngocthanh/Documents/Material SU26/SWP391/swp391-su26-ai-audit-project-swp391_se20a11_group-02/backend/src/main/java/com/swp391/coding_platform/entity/problem/ProblemSubmissionDetailEntity.java", "Java", 0, 0, 44, 0, 0, 0, 0, 0, 0, 0, 0, 0, 0, 0, 0, 0, 15, 59
"/Users/ngocthanh/Documents/Material SU26/SWP391/swp391-su26-ai-audit-project-swp391_se20a11_group-02/backend/src/main/java/com/swp391/coding_platform/entity/problem/ProblemSubmissionEntity.java", "Java", 0, 0, 55, 0, 0, 0, 0, 0, 0, 0, 0, 0, 0, 0, 0, 0, 17, 72
"/Users/ngocthanh/Documents/Material SU26/SWP391/swp391-su26-ai-audit-project-swp391_se20a11_group-02/backend/src/main/java/com/swp391/coding_platform/entity/problem/ProblemTagEntity.java", "Java", 0, 0, 28, 0, 0, 0, 0, 0, 0, 0, 0, 0, 0, 0, 0, 0, 9, 37
"/Users/ngocthanh/Documents/Material SU26/SWP391/swp391-su26-ai-audit-project-swp391_se20a11_group-02/backend/src/main/java/com/swp391/coding_platform/entity/problem/ProblemTagMappingEntity.java", "Java", 0, 0, 23, 0, 0, 0, 0, 0, 0, 0, 0, 0, 0, 0, 0, 0, 6, 29
"/Users/ngocthanh/Documents/Material SU26/SWP391/swp391-su26-ai-audit-project-swp391_se20a11_group-02/backend/src/main/java/com/swp391/coding_platform/entity/problem/ProblemTestcaseEntity.java", "Java", 0, 0, 28, 0, 0, 0, 0, 0, 0, 0, 0, 0, 0, 0, 0, 0, 9, 37
"/Users/ngocthanh/Documents/Material SU26/SWP391/swp391-su26-ai-audit-project-swp391_se20a11_group-02/backend/src/main/java/com/swp391/coding_platform/entity/progress/CompletedLessonsCountEntity.java", "Java", 0, 0, 53, 0, 0, 0, 0, 0, 0, 0, 0, 0, 0, 0, 0, 0, 12, 65
"/Users/ngocthanh/Documents/Material SU26/SWP391/swp391-su26-ai-audit-project-swp391_se20a11_group-02/backend/src/main/java/com/swp391/coding_platform/entity/progress/LessonProgressEntity.java", "Java", 0, 0, 31, 0, 0, 0, 0, 0, 0, 0, 0, 0, 0, 0, 0, 0, 9, 40
"/Users/ngocthanh/Documents/Material SU26/SWP391/swp391-su26-ai-audit-project-swp391_se20a11_group-02/backend/src/main/java/com/swp391/coding_platform/entity/user/UserDailyActivityEntity.java", "Java", 0, 0, 32, 0, 0, 0, 0, 0, 0, 0, 0, 0, 0, 0, 0, 0, 9, 41
"/Users/ngocthanh/Documents/Material SU26/SWP391/swp391-su26-ai-audit-project-swp391_se20a11_group-02/backend/src/main/java/com/swp391/coding_platform/entity/user/UserEntity.java", "Java", 0, 0, 63, 0, 0, 0, 0, 0, 0, 0, 0, 0, 0, 0, 0, 0, 19, 82
"/Users/ngocthanh/Documents/Material SU26/SWP391/swp391-su26-ai-audit-project-swp391_se20a11_group-02/backend/src/main/java/com/swp391/coding_platform/entity/user/UserOauthAccountEntity.java", "Java", 0, 0, 30, 0, 0, 0, 0, 0, 0, 0, 0, 0, 0, 0, 0, 0, 9, 39
"/Users/ngocthanh/Documents/Material SU26/SWP391/swp391-su26-ai-audit-project-swp391_se20a11_group-02/backend/src/main/java/com/swp391/coding_platform/event/SubmissionJudgedEvent.java", "Java", 0, 0, 17, 0, 0, 0, 0, 0, 0, 0, 0, 0, 0, 0, 0, 0, 3, 20
"/Users/ngocthanh/Documents/Material SU26/SWP391/swp391-su26-ai-audit-project-swp391_se20a11_group-02/backend/src/main/java/com/swp391/coding_platform/event/UserRegisteredEvent.java", "Java", 0, 0, 13, 0, 0, 0, 0, 0, 0, 0, 0, 0, 0, 0, 0, 0, 4, 17
"/Users/ngocthanh/Documents/Material SU26/SWP391/swp391-su26-ai-audit-project-swp391_se20a11_group-02/backend/src/main/java/com/swp391/coding_platform/exception/AppException.java", "Java", 0, 0, 10, 0, 0, 0, 0, 0, 0, 0, 0, 0, 0, 0, 0, 0, 4, 14
"/Users/ngocthanh/Documents/Material SU26/SWP391/swp391-su26-ai-audit-project-swp391_se20a11_group-02/backend/src/main/java/com/swp391/coding_platform/exception/ErrorCode.java", "Java", 0, 0, 94, 0, 0, 0, 0, 0, 0, 0, 0, 0, 0, 0, 0, 0, 25, 119
"/Users/ngocthanh/Documents/Material SU26/SWP391/swp391-su26-ai-audit-project-swp391_se20a11_group-02/backend/src/main/java/com/swp391/coding_platform/exception/GlobalExceptionHandler.java", "Java", 0, 0, 83, 0, 0, 0, 0, 0, 0, 0, 0, 0, 0, 0, 0, 0, 11, 94
"/Users/ngocthanh/Documents/Material SU26/SWP391/swp391-su26-ai-audit-project-swp391_se20a11_group-02/backend/src/main/java/com/swp391/coding_platform/listener/RedisContestEventListener.java", "Java", 0, 0, 37, 0, 0, 0, 0, 0, 0, 0, 0, 0, 0, 0, 0, 2, 7, 46
"/Users/ngocthanh/Documents/Material SU26/SWP391/swp391-su26-ai-audit-project-swp391_se20a11_group-02/backend/src/main/java/com/swp391/coding_platform/mapper/ContestMapper.java", "Java", 0, 0, 30, 0, 0, 0, 0, 0, 0, 0, 0, 0, 0, 0, 0, 0, 6, 36
"/Users/ngocthanh/Documents/Material SU26/SWP391/swp391-su26-ai-audit-project-swp391_se20a11_group-02/backend/src/main/java/com/swp391/coding_platform/mapper/CourseMapper.java", "Java", 0, 0, 87, 0, 0, 0, 0, 0, 0, 0, 0, 0, 0, 0, 0, 0, 22, 109
"/Users/ngocthanh/Documents/Material SU26/SWP391/swp391-su26-ai-audit-project-swp391_se20a11_group-02/backend/src/main/java/com/swp391/coding_platform/mapper/PaymentTransactionMapper.java", "Java", 0, 0, 10, 0, 0, 0, 0, 0, 0, 0, 0, 0, 0, 0, 0, 0, 4, 14
"/Users/ngocthanh/Documents/Material SU26/SWP391/swp391-su26-ai-audit-project-swp391_se20a11_group-02/backend/src/main/java/com/swp391/coding_platform/mapper/QuizMapper.java", "Java", 0, 0, 10, 0, 0, 0, 0, 0, 0, 0, 0, 0, 0, 0, 0, 0, 4, 14
"/Users/ngocthanh/Documents/Material SU26/SWP391/swp391-su26-ai-audit-project-swp391_se20a11_group-02/backend/src/main/java/com/swp391/coding_platform/mapper/UserMapper.java", "Java", 0, 0, 41, 0, 0, 0, 0, 0, 0, 0, 0, 0, 0, 0, 0, 0, 7, 48
"/Users/ngocthanh/Documents/Material SU26/SWP391/swp391-su26-ai-audit-project-swp391_se20a11_group-02/backend/src/main/java/com/swp391/coding_platform/mapper/WalletTransactionMapper.java", "Java", 0, 0, 10, 0, 0, 0, 0, 0, 0, 0, 0, 0, 0, 0, 0, 0, 4, 14
"/Users/ngocthanh/Documents/Material SU26/SWP391/swp391-su26-ai-audit-project-swp391_se20a11_group-02/backend/src/main/java/com/swp391/coding_platform/repository/auth/InvalidatedTokenRepository.java", "Java", 0, 0, 8, 0, 0, 0, 0, 0, 0, 0, 0, 0, 0, 0, 0, 0, 3, 11
"/Users/ngocthanh/Documents/Material SU26/SWP391/swp391-su26-ai-audit-project-swp391_se20a11_group-02/backend/src/main/java/com/swp391/coding_platform/repository/auth/RoleRepository.java", "Java", 0, 0, 10, 0, 0, 0, 0, 0, 0, 0, 0, 0, 0, 0, 0, 0, 3, 13
"/Users/ngocthanh/Documents/Material SU26/SWP391/swp391-su26-ai-audit-project-swp391_se20a11_group-02/backend/src/main/java/com/swp391/coding_platform/repository/cart/CartItemRepository.java", "Java", 0, 0, 11, 0, 0, 0, 0, 0, 0, 0, 0, 0, 0, 0, 0, 0, 4, 15
"/Users/ngocthanh/Documents/Material SU26/SWP391/swp391-su26-ai-audit-project-swp391_se20a11_group-02/backend/src/main/java/com/swp391/coding_platform/repository/cart/CartRepository.java", "Java", 0, 0, 9, 0, 0, 0, 0, 0, 0, 0, 0, 0, 0, 0, 0, 0, 4, 13
"/Users/ngocthanh/Documents/Material SU26/SWP391/swp391-su26-ai-audit-project-swp391_se20a11_group-02/backend/src/main/java/com/swp391/coding_platform/repository/category/CategoryRepository.java", "Java", 0, 0, 15, 0, 0, 0, 0, 0, 0, 0, 0, 0, 0, 0, 0, 0, 3, 18
"/Users/ngocthanh/Documents/Material SU26/SWP391/swp391-su26-ai-audit-project-swp391_se20a11_group-02/backend/src/main/java/com/swp391/coding_platform/repository/contest/ContestParticipantRepository.java", "Java", 0, 0, 21, 0, 0, 0, 0, 0, 0, 0, 0, 0, 0, 0, 0, 0, 8, 29
"/Users/ngocthanh/Documents/Material SU26/SWP391/swp391-su26-ai-audit-project-swp391_se20a11_group-02/backend/src/main/java/com/swp391/coding_platform/repository/contest/ContestProblemAttemptRepository.java", "Java", 0, 0, 15, 0, 0, 0, 0, 0, 0, 0, 0, 0, 0, 0, 0, 0, 6, 21
"/Users/ngocthanh/Documents/Material SU26/SWP391/swp391-su26-ai-audit-project-swp391_se20a11_group-02/backend/src/main/java/com/swp391/coding_platform/repository/contest/ContestProblemRepository.java", "Java", 0, 0, 17, 0, 0, 0, 0, 0, 0, 0, 0, 0, 0, 0, 0, 0, 7, 24
"/Users/ngocthanh/Documents/Material SU26/SWP391/swp391-su26-ai-audit-project-swp391_se20a11_group-02/backend/src/main/java/com/swp391/coding_platform/repository/contest/ContestRankingRepository.java", "Java", 0, 0, 24, 0, 0, 0, 0, 0, 0, 0, 0, 0, 0, 0, 0, 0, 7, 31
"/Users/ngocthanh/Documents/Material SU26/SWP391/swp391-su26-ai-audit-project-swp391_se20a11_group-02/backend/src/main/java/com/swp391/coding_platform/repository/contest/ContestRepository.java", "Java", 0, 0, 53, 0, 0, 0, 0, 0, 0, 0, 0, 0, 0, 0, 0, 0, 12, 65
"/Users/ngocthanh/Documents/Material SU26/SWP391/swp391-su26-ai-audit-project-swp391_se20a11_group-02/backend/src/main/java/com/swp391/coding_platform/repository/course/ChapterRepository.java", "Java", 0, 0, 11, 0, 0, 0, 0, 0, 0, 0, 0, 0, 0, 0, 0, 0, 5, 16
"/Users/ngocthanh/Documents/Material SU26/SWP391/swp391-su26-ai-audit-project-swp391_se20a11_group-02/backend/src/main/java/com/swp391/coding_platform/repository/course/CourseRepository.java", "Java", 0, 0, 51, 0, 0, 0, 0, 0, 0, 0, 0, 0, 0, 0, 0, 0, 14, 65
"/Users/ngocthanh/Documents/Material SU26/SWP391/swp391-su26-ai-audit-project-swp391_se20a11_group-02/backend/src/main/java/com/swp391/coding_platform/repository/course/CourseReviewRepository.java", "Java", 0, 0, 17, 0, 0, 0, 0, 0, 0, 0, 0, 0, 0, 0, 0, 0, 7, 24
"/Users/ngocthanh/Documents/Material SU26/SWP391/swp391-su26-ai-audit-project-swp391_se20a11_group-02/backend/src/main/java/com/swp391/coding_platform/repository/course/EnrollmentRepository.java", "Java", 0, 0, 80, 0, 0, 0, 0, 0, 0, 0, 0, 0, 0, 0, 0, 0, 15, 95
"/Users/ngocthanh/Documents/Material SU26/SWP391/swp391-su26-ai-audit-project-swp391_se20a11_group-02/backend/src/main/java/com/swp391/coding_platform/repository/course/LessonCommentRepository.java", "Java", 0, 0, 17, 0, 0, 0, 0, 0, 0, 0, 0, 0, 0, 0, 0, 0, 5, 22
"/Users/ngocthanh/Documents/Material SU26/SWP391/swp391-su26-ai-audit-project-swp391_se20a11_group-02/backend/src/main/java/com/swp391/coding_platform/repository/course/LessonProblemRepository.java", "Java", 0, 0, 8, 0, 0, 0, 0, 0, 0, 0, 0, 0, 0, 0, 0, 0, 3, 11
"/Users/ngocthanh/Documents/Material SU26/SWP391/swp391-su26-ai-audit-project-swp391_se20a11_group-02/backend/src/main/java/com/swp391/coding_platform/repository/course/LessonRepository.java", "Java", 0, 0, 13, 0, 0, 0, 0, 0, 0, 0, 0, 0, 0, 0, 0, 0, 5, 18
"/Users/ngocthanh/Documents/Material SU26/SWP391/swp391-su26-ai-audit-project-swp391_se20a11_group-02/backend/src/main/java/com/swp391/coding_platform/repository/course/QuizAttemptAnswerRepository.java", "Java", 0, 0, 14, 0, 0, 0, 0, 0, 0, 0, 0, 0, 0, 0, 0, 0, 4, 18
"/Users/ngocthanh/Documents/Material SU26/SWP391/swp391-su26-ai-audit-project-swp391_se20a11_group-02/backend/src/main/java/com/swp391/coding_platform/repository/course/QuizAttemptRepository.java", "Java", 0, 0, 9, 0, 0, 0, 0, 0, 0, 0, 0, 0, 0, 0, 0, 0, 3, 12
"/Users/ngocthanh/Documents/Material SU26/SWP391/swp391-su26-ai-audit-project-swp391_se20a11_group-02/backend/src/main/java/com/swp391/coding_platform/repository/course/QuizQuestionRepository.java", "Java", 0, 0, 15, 0, 0, 0, 0, 0, 0, 0, 0, 0, 0, 0, 0, 0, 4, 19
"/Users/ngocthanh/Documents/Material SU26/SWP391/swp391-su26-ai-audit-project-swp391_se20a11_group-02/backend/src/main/java/com/swp391/coding_platform/repository/course/QuizRepository.java", "Java", 0, 0, 9, 0, 0, 0, 0, 0, 0, 0, 0, 0, 0, 0, 0, 0, 3, 12
"/Users/ngocthanh/Documents/Material SU26/SWP391/swp391-su26-ai-audit-project-swp391_se20a11_group-02/backend/src/main/java/com/swp391/coding_platform/repository/instructor/InstructorApplicationRepository.java", "Java", 0, 0, 14, 0, 0, 0, 0, 0, 0, 0, 0, 0, 0, 0, 0, 0, 7, 21
"/Users/ngocthanh/Documents/Material SU26/SWP391/swp391-su26-ai-audit-project-swp391_se20a11_group-02/backend/src/main/java/com/swp391/coding_platform/repository/instructor/InstructorRepository.java", "Java", 0, 0, 9, 0, 0, 0, 0, 0, 0, 0, 0, 0, 0, 0, 0, 0, 3, 12
"/Users/ngocthanh/Documents/Material SU26/SWP391/swp391-su26-ai-audit-project-swp391_se20a11_group-02/backend/src/main/java/com/swp391/coding_platform/repository/payment/OrderItemRepository.java", "Java", 0, 0, 32, 0, 0, 0, 0, 0, 0, 0, 0, 0, 0, 0, 0, 0, 5, 37
"/Users/ngocthanh/Documents/Material SU26/SWP391/swp391-su26-ai-audit-project-swp391_se20a11_group-02/backend/src/main/java/com/swp391/coding_platform/repository/payment/OrderRepository.java", "Java", 0, 0, 23, 0, 0, 0, 0, 0, 0, 0, 0, 0, 0, 0, 0, 0, 6, 29
"/Users/ngocthanh/Documents/Material SU26/SWP391/swp391-su26-ai-audit-project-swp391_se20a11_group-02/backend/src/main/java/com/swp391/coding_platform/repository/payment/PaymentTransactionRepository.java", "Java", 0, 0, 15, 0, 0, 0, 0, 0, 0, 0, 0, 0, 0, 0, 0, 0, 4, 19
"/Users/ngocthanh/Documents/Material SU26/SWP391/swp391-su26-ai-audit-project-swp391_se20a11_group-02/backend/src/main/java/com/swp391/coding_platform/repository/payment/PayoutRequestRepository.java", "Java", 0, 0, 9, 0, 0, 0, 0, 0, 0, 0, 0, 0, 0, 0, 0, 0, 3, 12
"/Users/ngocthanh/Documents/Material SU26/SWP391/swp391-su26-ai-audit-project-swp391_se20a11_group-02/backend/src/main/java/com/swp391/coding_platform/repository/payment/WalletRepository.java", "Java", 0, 0, 16, 0, 0, 0, 0, 0, 0, 0, 0, 0, 0, 0, 0, 0, 5, 21
"/Users/ngocthanh/Documents/Material SU26/SWP391/swp391-su26-ai-audit-project-swp391_se20a11_group-02/backend/src/main/java/com/swp391/coding_platform/repository/payment/WalletTransactionRepository.java", "Java", 0, 0, 33, 0, 0, 0, 0, 0, 0, 0, 0, 0, 0, 0, 0, 0, 6, 39
"/Users/ngocthanh/Documents/Material SU26/SWP391/swp391-su26-ai-audit-project-swp391_se20a11_group-02/backend/src/main/java/com/swp391/coding_platform/repository/problem/ProblemCommentRepository.java", "Java", 0, 0, 10, 0, 0, 0, 0, 0, 0, 0, 0, 0, 0, 0, 0, 0, 4, 14
"/Users/ngocthanh/Documents/Material SU26/SWP391/swp391-su26-ai-audit-project-swp391_se20a11_group-02/backend/src/main/java/com/swp391/coding_platform/repository/problem/ProblemRepository.java", "Java", 0, 0, 27, 0, 0, 0, 0, 0, 0, 0, 0, 0, 0, 0, 0, 0, 7, 34
"/Users/ngocthanh/Documents/Material SU26/SWP391/swp391-su26-ai-audit-project-swp391_se20a11_group-02/backend/src/main/java/com/swp391/coding_platform/repository/problem/ProblemSubmissionDetailRepository.java", "Java", 0, 0, 30, 0, 0, 0, 0, 0, 0, 0, 0, 0, 0, 0, 0, 0, 8, 38
"/Users/ngocthanh/Documents/Material SU26/SWP391/swp391-su26-ai-audit-project-swp391_se20a11_group-02/backend/src/main/java/com/swp391/coding_platform/repository/problem/ProblemSubmissionRepository.java", "Java", 0, 0, 43, 0, 0, 0, 0, 0, 0, 0, 0, 0, 0, 0, 0, 0, 14, 57
"/Users/ngocthanh/Documents/Material SU26/SWP391/swp391-su26-ai-audit-project-swp391_se20a11_group-02/backend/src/main/java/com/swp391/coding_platform/repository/problem/ProblemTagMappingRepository.java", "Java", 0, 0, 11, 0, 0, 0, 0, 0, 0, 0, 0, 0, 0, 0, 0, 0, 4, 15
"/Users/ngocthanh/Documents/Material SU26/SWP391/swp391-su26-ai-audit-project-swp391_se20a11_group-02/backend/src/main/java/com/swp391/coding_platform/repository/problem/ProblemTagRepository.java", "Java", 0, 0, 9, 0, 0, 0, 0, 0, 0, 0, 0, 0, 0, 0, 0, 0, 4, 13
"/Users/ngocthanh/Documents/Material SU26/SWP391/swp391-su26-ai-audit-project-swp391_se20a11_group-02/backend/src/main/java/com/swp391/coding_platform/repository/problem/ProblemTestcaseRepository.java", "Java", 0, 0, 11, 0, 0, 0, 0, 0, 0, 0, 0, 0, 0, 0, 0, 0, 4, 15
"/Users/ngocthanh/Documents/Material SU26/SWP391/swp391-su26-ai-audit-project-swp391_se20a11_group-02/backend/src/main/java/com/swp391/coding_platform/repository/progress/CompletedLessonCountRepository.java", "Java", 0, 0, 21, 0, 0, 0, 0, 0, 0, 0, 0, 0, 0, 0, 0, 0, 8, 29
"/Users/ngocthanh/Documents/Material SU26/SWP391/swp391-su26-ai-audit-project-swp391_se20a11_group-02/backend/src/main/java/com/swp391/coding_platform/repository/progress/LessonProgressRepository.java", "Java", 0, 0, 17, 0, 0, 0, 0, 0, 0, 0, 0, 0, 0, 0, 0, 0, 8, 25
"/Users/ngocthanh/Documents/Material SU26/SWP391/swp391-su26-ai-audit-project-swp391_se20a11_group-02/backend/src/main/java/com/swp391/coding_platform/repository/projection/RankingUserProjection.java", "Java", 0, 0, 7, 0, 0, 0, 0, 0, 0, 0, 0, 0, 0, 0, 0, 0, 2, 9
"/Users/ngocthanh/Documents/Material SU26/SWP391/swp391-su26-ai-audit-project-swp391_se20a11_group-02/backend/src/main/java/com/swp391/coding_platform/repository/projection/SubmissionMaxStats.java", "Java", 0, 0, 5, 0, 0, 0, 0, 0, 0, 0, 0, 0, 0, 0, 0, 0, 2, 7
"/Users/ngocthanh/Documents/Material SU26/SWP391/swp391-su26-ai-audit-project-swp391_se20a11_group-02/backend/src/main/java/com/swp391/coding_platform/repository/specification/CourseSpecification.java", "Java", 0, 0, 56, 0, 0, 0, 0, 0, 0, 0, 0, 0, 0, 0, 0, 0, 15, 71
"/Users/ngocthanh/Documents/Material SU26/SWP391/swp391-su26-ai-audit-project-swp391_se20a11_group-02/backend/src/main/java/com/swp391/coding_platform/repository/user/UserDailyActivityRepository.java", "Java", 0, 0, 38, 0, 0, 0, 0, 0, 0, 0, 0, 0, 0, 0, 0, 0, 8, 46
"/Users/ngocthanh/Documents/Material SU26/SWP391/swp391-su26-ai-audit-project-swp391_se20a11_group-02/backend/src/main/java/com/swp391/coding_platform/repository/user/UserOauthAccountRepository.java", "Java", 0, 0, 9, 0, 0, 0, 0, 0, 0, 0, 0, 0, 0, 0, 0, 0, 4, 13
"/Users/ngocthanh/Documents/Material SU26/SWP391/swp391-su26-ai-audit-project-swp391_se20a11_group-02/backend/src/main/java/com/swp391/coding_platform/repository/user/UserRepository.java", "Java", 0, 0, 49, 0, 0, 0, 0, 0, 0, 0, 0, 0, 0, 0, 0, 0, 12, 61
"/Users/ngocthanh/Documents/Material SU26/SWP391/swp391-su26-ai-audit-project-swp391_se20a11_group-02/backend/src/main/java/com/swp391/coding_platform/security/CourseSecurity.java", "Java", 0, 0, 155, 0, 0, 0, 0, 0, 0, 0, 0, 0, 0, 0, 0, 11, 30, 196
"/Users/ngocthanh/Documents/Material SU26/SWP391/swp391-su26-ai-audit-project-swp391_se20a11_group-02/backend/src/main/java/com/swp391/coding_platform/security/CustomJwtDecoder.java", "Java", 0, 0, 60, 0, 0, 0, 0, 0, 0, 0, 0, 0, 0, 0, 0, 0, 10, 70
"/Users/ngocthanh/Documents/Material SU26/SWP391/swp391-su26-ai-audit-project-swp391_se20a11_group-02/backend/src/main/java/com/swp391/coding_platform/security/JwtAccessDeniedHandler.java", "Java", 0, 0, 36, 0, 0, 0, 0, 0, 0, 0, 0, 0, 0, 0, 0, 0, 5, 41
"/Users/ngocthanh/Documents/Material SU26/SWP391/swp391-su26-ai-audit-project-swp391_se20a11_group-02/backend/src/main/java/com/swp391/coding_platform/security/JwtAuthenticationEntryPoint.java", "Java", 0, 0, 36, 0, 0, 0, 0, 0, 0, 0, 0, 0, 0, 0, 0, 0, 7, 43
"/Users/ngocthanh/Documents/Material SU26/SWP391/swp391-su26-ai-audit-project-swp391_se20a11_group-02/backend/src/main/java/com/swp391/coding_platform/security/SecurityConfig.java", "Java", 0, 0, 116, 0, 0, 0, 0, 0, 0, 0, 0, 0, 0, 0, 0, 8, 23, 147
"/Users/ngocthanh/Documents/Material SU26/SWP391/swp391-su26-ai-audit-project-swp391_se20a11_group-02/backend/src/main/java/com/swp391/coding_platform/security/UserActivityFilter.java", "Java", 0, 0, 48, 0, 0, 0, 0, 0, 0, 0, 0, 0, 0, 0, 0, 4, 13, 65
"/Users/ngocthanh/Documents/Material SU26/SWP391/swp391-su26-ai-audit-project-swp391_se20a11_group-02/backend/src/main/java/com/swp391/coding_platform/service/admin/AdminDashboardService.java", "Java", 0, 0, 225, 0, 0, 0, 0, 0, 0, 0, 0, 0, 0, 0, 0, 11, 44, 280
"/Users/ngocthanh/Documents/Material SU26/SWP391/swp391-su26-ai-audit-project-swp391_se20a11_group-02/backend/src/main/java/com/swp391/coding_platform/service/admin/AdminFinancialService.java", "Java", 0, 0, 234, 0, 0, 0, 0, 0, 0, 0, 0, 0, 0, 0, 0, 10, 40, 284
"/Users/ngocthanh/Documents/Material SU26/SWP391/swp391-su26-ai-audit-project-swp391_se20a11_group-02/backend/src/main/java/com/swp391/coding_platform/service/auth/AuthenticationService.java", "Java", 0, 0, 291, 0, 0, 0, 0, 0, 0, 0, 0, 0, 0, 0, 0, 5, 77, 373
"/Users/ngocthanh/Documents/Material SU26/SWP391/swp391-su26-ai-audit-project-swp391_se20a11_group-02/backend/src/main/java/com/swp391/coding_platform/service/cart/CartService.java", "Java", 0, 0, 74, 0, 0, 0, 0, 0, 0, 0, 0, 0, 0, 0, 0, 0, 16, 90
"/Users/ngocthanh/Documents/Material SU26/SWP391/swp391-su26-ai-audit-project-swp391_se20a11_group-02/backend/src/main/java/com/swp391/coding_platform/service/cloudinary/CloudinaryService.java", "Java", 0, 0, 39, 0, 0, 0, 0, 0, 0, 0, 0, 0, 0, 0, 0, 0, 7, 46
"/Users/ngocthanh/Documents/Material SU26/SWP391/swp391-su26-ai-audit-project-swp391_se20a11_group-02/backend/src/main/java/com/swp391/coding_platform/service/contest/ContestRankingDbService.java", "Java", 0, 0, 94, 0, 0, 0, 0, 0, 0, 0, 0, 0, 0, 0, 0, 5, 8, 107
"/Users/ngocthanh/Documents/Material SU26/SWP391/swp391-su26-ai-audit-project-swp391_se20a11_group-02/backend/src/main/java/com/swp391/coding_platform/service/contest/ContestRankingService.java", "Java", 0, 0, 239, 0, 0, 0, 0, 0, 0, 0, 0, 0, 0, 0, 0, 20, 49, 308
"/Users/ngocthanh/Documents/Material SU26/SWP391/swp391-su26-ai-audit-project-swp391_se20a11_group-02/backend/src/main/java/com/swp391/coding_platform/service/contest/ContestService.java", "Java", 0, 0, 748, 0, 0, 0, 0, 0, 0, 0, 0, 0, 0, 0, 0, 10, 134, 892
"/Users/ngocthanh/Documents/Material SU26/SWP391/swp391-su26-ai-audit-project-swp391_se20a11_group-02/backend/src/main/java/com/swp391/coding_platform/service/contest/SseScoreboardManager.java", "Java", 0, 0, 61, 0, 0, 0, 0, 0, 0, 0, 0, 0, 0, 0, 0, 1, 15, 77
"/Users/ngocthanh/Documents/Material SU26/SWP391/swp391-su26-ai-audit-project-swp391_se20a11_group-02/backend/src/main/java/com/swp391/coding_platform/service/course/CourseService.java", "Java", 0, 0, 363, 0, 0, 0, 0, 0, 0, 0, 0, 0, 0, 0, 0, 25, 89, 477
"/Users/ngocthanh/Documents/Material SU26/SWP391/swp391-su26-ai-audit-project-swp391_se20a11_group-02/backend/src/main/java/com/swp391/coding_platform/service/course/QuizService.java", "Java", 0, 0, 8, 0, 0, 0, 0, 0, 0, 0, 0, 0, 0, 0, 0, 0, 3, 11
"/Users/ngocthanh/Documents/Material SU26/SWP391/swp391-su26-ai-audit-project-swp391_se20a11_group-02/backend/src/main/java/com/swp391/coding_platform/service/course/QuizServiceImpl.java", "Java", 0, 0, 207, 0, 0, 0, 0, 0, 0, 0, 0, 0, 0, 0, 0, 2, 38, 247
"/Users/ngocthanh/Documents/Material SU26/SWP391/swp391-su26-ai-audit-project-swp391_se20a11_group-02/backend/src/main/java/com/swp391/coding_platform/service/instructor/InstructorApplicationService.java", "Java", 0, 0, 204, 0, 0, 0, 0, 0, 0, 0, 0, 0, 0, 0, 0, 10, 34, 248
"/Users/ngocthanh/Documents/Material SU26/SWP391/swp391-su26-ai-audit-project-swp391_se20a11_group-02/backend/src/main/java/com/swp391/coding_platform/service/instructor/InstructorCourseService.java", "Java", 0, 0, 557, 0, 0, 0, 0, 0, 0, 0, 0, 0, 0, 0, 0, 23, 105, 685
"/Users/ngocthanh/Documents/Material SU26/SWP391/swp391-su26-ai-audit-project-swp391_se20a11_group-02/backend/src/main/java/com/swp391/coding_platform/service/instructor/InstructorService.java", "Java", 0, 0, 368, 0, 0, 0, 0, 0, 0, 0, 0, 0, 0, 0, 0, 1, 49, 418
"/Users/ngocthanh/Documents/Material SU26/SWP391/swp391-su26-ai-audit-project-swp391_se20a11_group-02/backend/src/main/java/com/swp391/coding_platform/service/judge0/Judge0ClientService.java", "Java", 0, 0, 49, 0, 0, 0, 0, 0, 0, 0, 0, 0, 0, 0, 0, 2, 10, 61
"/Users/ngocthanh/Documents/Material SU26/SWP391/swp391-su26-ai-audit-project-swp391_se20a11_group-02/backend/src/main/java/com/swp391/coding_platform/service/judge0/Judge0Service.java", "Java", 0, 0, 321, 0, 0, 0, 0, 0, 0, 0, 0, 0, 0, 0, 0, 64, 66, 451
"/Users/ngocthanh/Documents/Material SU26/SWP391/swp391-su26-ai-audit-project-swp391_se20a11_group-02/backend/src/main/java/com/swp391/coding_platform/service/payment/OrderService.java", "Java", 0, 0, 153, 0, 0, 0, 0, 0, 0, 0, 0, 0, 0, 0, 0, 13, 25, 191
"/Users/ngocthanh/Documents/Material SU26/SWP391/swp391-su26-ai-audit-project-swp391_se20a11_group-02/backend/src/main/java/com/swp391/coding_platform/service/payment/PaymentService.java", "Java", 0, 0, 246, 0, 0, 0, 0, 0, 0, 0, 0, 0, 0, 0, 0, 14, 42, 302
"/Users/ngocthanh/Documents/Material SU26/SWP391/swp391-su26-ai-audit-project-swp391_se20a11_group-02/backend/src/main/java/com/swp391/coding_platform/service/payment/TransactionStatisticsService.java", "Java", 0, 0, 64, 0, 0, 0, 0, 0, 0, 0, 0, 0, 0, 0, 0, 6, 14, 84
"/Users/ngocthanh/Documents/Material SU26/SWP391/swp391-su26-ai-audit-project-swp391_se20a11_group-02/backend/src/main/java/com/swp391/coding_platform/service/payment/WalletService.java", "Java", 0, 0, 31, 0, 0, 0, 0, 0, 0, 0, 0, 0, 0, 0, 0, 1, 8, 40
"/Users/ngocthanh/Documents/Material SU26/SWP391/swp391-su26-ai-audit-project-swp391_se20a11_group-02/backend/src/main/java/com/swp391/coding_platform/service/problem/ProblemService.java", "Java", 0, 0, 581, 0, 0, 0, 0, 0, 0, 0, 0, 0, 0, 0, 0, 14, 84, 679
"/Users/ngocthanh/Documents/Material SU26/SWP391/swp391-su26-ai-audit-project-swp391_se20a11_group-02/backend/src/main/java/com/swp391/coding_platform/service/problem/ProblemSubmissionService.java", "Java", 0, 0, 85, 0, 0, 0, 0, 0, 0, 0, 0, 0, 0, 0, 0, 0, 18, 103
"/Users/ngocthanh/Documents/Material SU26/SWP391/swp391-su26-ai-audit-project-swp391_se20a11_group-02/backend/src/main/java/com/swp391/coding_platform/service/ranking/RankingService.java", "Java", 0, 0, 64, 0, 0, 0, 0, 0, 0, 0, 0, 0, 0, 0, 0, 0, 13, 77
"/Users/ngocthanh/Documents/Material SU26/SWP391/swp391-su26-ai-audit-project-swp391_se20a11_group-02/backend/src/main/java/com/swp391/coding_platform/service/user/DashboardService.java", "Java", 0, 0, 170, 0, 0, 0, 0, 0, 0, 0, 0, 0, 0, 0, 0, 15, 35, 220
"/Users/ngocthanh/Documents/Material SU26/SWP391/swp391-su26-ai-audit-project-swp391_se20a11_group-02/backend/src/main/java/com/swp391/coding_platform/service/user/UserService.java", "Java", 0, 0, 138, 0, 0, 0, 0, 0, 0, 0, 0, 0, 0, 0, 0, 0, 22, 160
"/Users/ngocthanh/Documents/Material SU26/SWP391/swp391-su26-ai-audit-project-swp391_se20a11_group-02/backend/src/main/java/com/swp391/coding_platform/util/ProgressUtils.java", "Java", 0, 0, 12, 0, 0, 0, 0, 0, 0, 0, 0, 0, 0, 0, 0, 0, 4, 16
"/Users/ngocthanh/Documents/Material SU26/SWP391/swp391-su26-ai-audit-project-swp391_se20a11_group-02/backend/src/main/resources/application-dev.yaml", "YAML", 0, 74, 0, 0, 0, 0, 0, 0, 0, 0, 0, 0, 0, 0, 0, 0, 19, 93
"/Users/ngocthanh/Documents/Material SU26/SWP391/swp391-su26-ai-audit-project-swp391_se20a11_group-02/backend/src/test/java/com/swp391/coding_platform/CodingPlatformApplicationTests.java", "Java", 0, 0, 29, 0, 0, 0, 0, 0, 0, 0, 0, 0, 0, 0, 0, 0, 7, 36
"/Users/ngocthanh/Documents/Material SU26/SWP391/swp391-su26-ai-audit-project-swp391_se20a11_group-02/backend/src/test/java/com/swp391/coding_platform/ContestIntegrationTest.java", "Java", 0, 0, 70, 0, 0, 0, 0, 0, 0, 0, 0, 0, 0, 0, 0, 0, 11, 81
"/Users/ngocthanh/Documents/Material SU26/SWP391/swp391-su26-ai-audit-project-swp391_se20a11_group-02/backend/src/test/java/com/swp391/coding_platform/service/contest/ContestServiceTest.java", "Java", 0, 0, 211, 0, 0, 0, 0, 0, 0, 0, 0, 0, 0, 0, 0, 21, 45, 277
"/Users/ngocthanh/Documents/Material SU26/SWP391/swp391-su26-ai-audit-project-swp391_se20a11_group-02/database/init.sql", "MS SQL", 0, 0, 0, 0, 0, 0, 0, 0, 0, 0, 1340, 0, 0, 0, 0, 1493, 1198, 4031
"/Users/ngocthanh/Documents/Material SU26/SWP391/swp391-su26-ai-audit-project-swp391_se20a11_group-02/docker-compose.yml", "YAML", 0, 94, 0, 0, 0, 0, 0, 0, 0, 0, 0, 0, 0, 0, 0, 1, 11, 106
"/Users/ngocthanh/Documents/Material SU26/SWP391/swp391-su26-ai-audit-project-swp391_se20a11_group-02/docs/AI_AUDIT_LOG.md", "Markdown", 262, 0, 0, 0, 0, 0, 0, 0, 0, 0, 0, 0, 0, 0, 0, 0, 106, 368
"/Users/ngocthanh/Documents/Material SU26/SWP391/swp391-su26-ai-audit-project-swp391_se20a11_group-02/docs/CHANGELOG.md", "Markdown", 327, 0, 0, 0, 0, 0, 0, 0, 0, 0, 0, 0, 0, 0, 0, 0, 129, 456
"/Users/ngocthanh/Documents/Material SU26/SWP391/swp391-su26-ai-audit-project-swp391_se20a11_group-02/docs/PROMPTS.md", "Markdown", 332, 0, 0, 0, 0, 0, 0, 0, 0, 0, 0, 0, 0, 0, 0, 0, 131, 463
"/Users/ngocthanh/Documents/Material SU26/SWP391/swp391-su26-ai-audit-project-swp391_se20a11_group-02/docs/REFLECTION.md", "Markdown", 255, 0, 0, 0, 0, 0, 0, 0, 0, 0, 0, 0, 0, 0, 0, 0, 102, 357
"/Users/ngocthanh/Documents/Material SU26/SWP391/swp391-su26-ai-audit-project-swp391_se20a11_group-02/docs/member/DE190023-Bazero06/AI_AUDIT_LOG.md", "Markdown", 299, 0, 0, 0, 0, 0, 0, 0, 0, 0, 0, 0, 0, 0, 0, 0, 111, 410
"/Users/ngocthanh/Documents/Material SU26/SWP391/swp391-su26-ai-audit-project-swp391_se20a11_group-02/docs/member/DE190023-Bazero06/PROMPTS.md", "Markdown", 346, 0, 0, 0, 0, 0, 0, 0, 0, 0, 0, 0, 0, 0, 0, 0, 131, 477
"/Users/ngocthanh/Documents/Material SU26/SWP391/swp391-su26-ai-audit-project-swp391_se20a11_group-02/docs/member/DE190094-nguyenvanquangfptu/AI_AUDIT_LOG.md", "Markdown", 1170, 0, 0, 0, 0, 0, 0, 0, 0, 0, 0, 0, 0, 0, 0, 0, 464, 1634
"/Users/ngocthanh/Documents/Material SU26/SWP391/swp391-su26-ai-audit-project-swp391_se20a11_group-02/docs/member/DE190094-nguyenvanquangfptu/PROMPTS.md", "Markdown", 1304, 0, 0, 0, 0, 0, 0, 0, 0, 0, 0, 0, 0, 0, 0, 0, 520, 1824
"/Users/ngocthanh/Documents/Material SU26/SWP391/swp391-su26-ai-audit-project-swp391_se20a11_group-02/docs/member/DE190293-ThanhMiLa/AI_AUDIT_LOG.md", "Markdown", 609, 0, 0, 0, 0, 0, 0, 0, 0, 0, 0, 0, 0, 0, 0, 0, 240, 849
"/Users/ngocthanh/Documents/Material SU26/SWP391/swp391-su26-ai-audit-project-swp391_se20a11_group-02/docs/member/DE190293-ThanhMiLa/PROMPTS.md", "Markdown", 745, 0, 0, 0, 0, 0, 0, 0, 0, 0, 0, 0, 0, 0, 0, 0, 300, 1045
"/Users/ngocthanh/Documents/Material SU26/SWP391/swp391-su26-ai-audit-project-swp391_se20a11_group-02/docs/member/DE190307-Hositan26/AI_AUDIT_LOG.md", "Markdown", 268, 0, 0, 0, 0, 0, 0, 0, 0, 0, 0, 0, 0, 0, 0, 0, 110, 378
"/Users/ngocthanh/Documents/Material SU26/SWP391/swp391-su26-ai-audit-project-swp391_se20a11_group-02/docs/member/DE190307-Hositan26/PROMPTS.md", "Markdown", 283, 0, 0, 0, 0, 0, 0, 0, 0, 0, 0, 0, 0, 0, 0, 0, 124, 407
"/Users/ngocthanh/Documents/Material SU26/SWP391/swp391-su26-ai-audit-project-swp391_se20a11_group-02/docs/member/DE190416-duyphuong24/AI_AUDIT_LOG.md", "Markdown", 376, 0, 0, 0, 0, 0, 0, 0, 0, 0, 0, 0, 0, 0, 0, 0, 136, 512
"/Users/ngocthanh/Documents/Material SU26/SWP391/swp391-su26-ai-audit-project-swp391_se20a11_group-02/docs/member/DE190416-duyphuong24/PROMPTS.md", "Markdown", 441, 0, 0, 0, 0, 0, 0, 0, 0, 0, 0, 0, 0, 0, 0, 0, 169, 610
"/Users/ngocthanh/Documents/Material SU26/SWP391/swp391-su26-ai-audit-project-swp391_se20a11_group-02/frontend/README.md", "Markdown", 60, 0, 0, 0, 0, 0, 0, 0, 0, 0, 0, 0, 0, 0, 0, 0, 14, 74
"/Users/ngocthanh/Documents/Material SU26/SWP391/swp391-su26-ai-audit-project-swp391_se20a11_group-02/frontend/eslint.config.js", "JavaScript", 0, 0, 0, 0, 0, 0, 0, 0, 0, 0, 0, 21, 0, 0, 0, 0, 2, 23
"/Users/ngocthanh/Documents/Material SU26/SWP391/swp391-su26-ai-audit-project-swp391_se20a11_group-02/frontend/index.html", "HTML", 0, 0, 0, 0, 0, 0, 0, 0, 0, 0, 0, 0, 0, 29, 0, 4, 4, 37
"/Users/ngocthanh/Documents/Material SU26/SWP391/swp391-su26-ai-audit-project-swp391_se20a11_group-02/frontend/package-lock.json", "JSON", 0, 0, 0, 0, 0, 0, 0, 0, 0, 4194, 0, 0, 0, 0, 0, 0, 1, 4195
"/Users/ngocthanh/Documents/Material SU26/SWP391/swp391-su26-ai-audit-project-swp391_se20a11_group-02/frontend/package.json", "JSON", 0, 0, 0, 0, 0, 0, 0, 0, 0, 43, 0, 0, 0, 0, 0, 0, 1, 44
"/Users/ngocthanh/Documents/Material SU26/SWP391/swp391-su26-ai-audit-project-swp391_se20a11_group-02/frontend/postcss.config.js", "JavaScript", 0, 0, 0, 0, 0, 0, 0, 0, 0, 0, 0, 6, 0, 0, 0, 0, 1, 7
"/Users/ngocthanh/Documents/Material SU26/SWP391/swp391-su26-ai-audit-project-swp391_se20a11_group-02/frontend/public/404.html", "HTML", 0, 0, 0, 0, 0, 0, 0, 0, 0, 0, 0, 0, 0, 25, 0, 0, 2, 27
"/Users/ngocthanh/Documents/Material SU26/SWP391/swp391-su26-ai-audit-project-swp391_se20a11_group-02/frontend/public/favicon.svg", "XML", 0, 0, 0, 0, 0, 1, 0, 0, 0, 0, 0, 0, 0, 0, 0, 0, 0, 1
"/Users/ngocthanh/Documents/Material SU26/SWP391/swp391-su26-ai-audit-project-swp391_se20a11_group-02/frontend/public/icons.svg", "XML", 0, 0, 0, 0, 0, 24, 0, 0, 0, 0, 0, 0, 0, 0, 0, 0, 1, 25
"/Users/ngocthanh/Documents/Material SU26/SWP391/swp391-su26-ai-audit-project-swp391_se20a11_group-02/frontend/src/App.css", "PostCSS", 0, 0, 0, 0, 0, 0, 0, 0, 158, 0, 0, 0, 0, 0, 0, 0, 28, 186
"/Users/ngocthanh/Documents/Material SU26/SWP391/swp391-su26-ai-audit-project-swp391_se20a11_group-02/frontend/src/App.tsx", "TypeScript JSX", 0, 0, 0, 0, 0, 0, 0, 75, 0, 0, 0, 0, 0, 0, 0, 12, 15, 102
"/Users/ngocthanh/Documents/Material SU26/SWP391/swp391-su26-ai-audit-project-swp391_se20a11_group-02/frontend/src/assets/react.svg", "XML", 0, 0, 0, 0, 0, 1, 0, 0, 0, 0, 0, 0, 0, 0, 0, 0, 0, 1
"/Users/ngocthanh/Documents/Material SU26/SWP391/swp391-su26-ai-audit-project-swp391_se20a11_group-02/frontend/src/assets/vite.svg", "XML", 0, 0, 0, 0, 0, 1, 0, 0, 0, 0, 0, 0, 0, 0, 0, 0, 1, 2
"/Users/ngocthanh/Documents/Material SU26/SWP391/swp391-su26-ai-audit-project-swp391_se20a11_group-02/frontend/src/components/CodeEditor.tsx", "TypeScript JSX", 0, 0, 0, 0, 0, 0, 0, 59, 0, 0, 0, 0, 0, 0, 0, 0, 3, 62
"/Users/ngocthanh/Documents/Material SU26/SWP391/swp391-su26-ai-audit-project-swp391_se20a11_group-02/frontend/src/components/ContestSidebar.tsx", "TypeScript JSX", 0, 0, 0, 0, 0, 0, 0, 86, 0, 0, 0, 0, 0, 0, 0, 4, 9, 99
"/Users/ngocthanh/Documents/Material SU26/SWP391/swp391-su26-ai-audit-project-swp391_se20a11_group-02/frontend/src/components/Layout.tsx", "TypeScript JSX", 0, 0, 0, 0, 0, 0, 0, 446, 0, 0, 0, 0, 0, 0, 0, 37, 37, 520
"/Users/ngocthanh/Documents/Material SU26/SWP391/swp391-su26-ai-audit-project-swp391_se20a11_group-02/frontend/src/components/ProtectedRoute.tsx", "TypeScript JSX", 0, 0, 0, 0, 0, 0, 0, 17, 0, 0, 0, 0, 0, 0, 0, 3, 6, 26
"/Users/ngocthanh/Documents/Material SU26/SWP391/swp391-su26-ai-audit-project-swp391_se20a11_group-02/frontend/src/components/StudentDashboard/EmptyState.tsx", "TypeScript JSX", 0, 0, 0, 0, 0, 0, 0, 50, 0, 0, 0, 0, 0, 0, 0, 0, 6, 56
"/Users/ngocthanh/Documents/Material SU26/SWP391/swp391-su26-ai-audit-project-swp391_se20a11_group-02/frontend/src/components/StudentDashboard/index.ts", "TypeScript", 0, 0, 0, 0, 0, 0, 1, 0, 0, 0, 0, 0, 0, 0, 0, 0, 2, 3
"/Users/ngocthanh/Documents/Material SU26/SWP391/swp391-su26-ai-audit-project-swp391_se20a11_group-02/frontend/src/constants/StudentDashboard/contestData.ts", "TypeScript", 0, 0, 0, 0, 0, 0, 2, 0, 0, 0, 0, 0, 0, 0, 0, 1, 3, 6
"/Users/ngocthanh/Documents/Material SU26/SWP391/swp391-su26-ai-audit-project-swp391_se20a11_group-02/frontend/src/constants/StudentDashboard/courseData.ts", "TypeScript", 0, 0, 0, 0, 0, 0, 121, 0, 0, 0, 0, 0, 0, 0, 0, 1, 5, 127
"/Users/ngocthanh/Documents/Material SU26/SWP391/swp391-su26-ai-audit-project-swp391_se20a11_group-02/frontend/src/constants/StudentDashboard/exerciseData.ts", "TypeScript", 0, 0, 0, 0, 0, 0, 1, 0, 0, 0, 0, 0, 0, 0, 0, 1, 2, 4
"/Users/ngocthanh/Documents/Material SU26/SWP391/swp391-su26-ai-audit-project-swp391_se20a11_group-02/frontend/src/constants/StudentDashboard/paymentConstants.ts", "TypeScript", 0, 0, 0, 0, 0, 0, 7, 0, 0, 0, 0, 0, 0, 0, 0, 0, 2, 9
"/Users/ngocthanh/Documents/Material SU26/SWP391/swp391-su26-ai-audit-project-swp391_se20a11_group-02/frontend/src/context/AppContext.tsx", "TypeScript JSX", 0, 0, 0, 0, 0, 0, 0, 430, 0, 0, 0, 0, 0, 0, 0, 14, 52, 496
"/Users/ngocthanh/Documents/Material SU26/SWP391/swp391-su26-ai-audit-project-swp391_se20a11_group-02/frontend/src/hooks/StudentDashboard/index.ts", "TypeScript", 0, 0, 0, 0, 0, 0, 5, 0, 0, 0, 0, 0, 0, 0, 0, 0, 2, 7
"/Users/ngocthanh/Documents/Material SU26/SWP391/swp391-su26-ai-audit-project-swp391_se20a11_group-02/frontend/src/hooks/StudentDashboard/useCourseFilter.ts", "TypeScript", 0, 0, 0, 0, 0, 0, 30, 0, 0, 0, 0, 0, 0, 0, 0, 0, 7, 37
"/Users/ngocthanh/Documents/Material SU26/SWP391/swp391-su26-ai-audit-project-swp391_se20a11_group-02/frontend/src/hooks/StudentDashboard/useCourseLearning.ts", "TypeScript", 0, 0, 0, 0, 0, 0, 85, 0, 0, 0, 0, 0, 0, 0, 0, 0, 9, 94
"/Users/ngocthanh/Documents/Material SU26/SWP391/swp391-su26-ai-audit-project-swp391_se20a11_group-02/frontend/src/hooks/StudentDashboard/useProfileManagement.ts", "TypeScript", 0, 0, 0, 0, 0, 0, 103, 0, 0, 0, 0, 0, 0, 0, 0, 0, 10, 113
"/Users/ngocthanh/Documents/Material SU26/SWP391/swp391-su26-ai-audit-project-swp391_se20a11_group-02/frontend/src/hooks/StudentDashboard/useQuizManagement.ts", "TypeScript", 0, 0, 0, 0, 0, 0, 74, 0, 0, 0, 0, 0, 0, 0, 0, 2, 8, 84
"/Users/ngocthanh/Documents/Material SU26/SWP391/swp391-su26-ai-audit-project-swp391_se20a11_group-02/frontend/src/hooks/StudentDashboard/useWalletTransaction.ts", "TypeScript", 0, 0, 0, 0, 0, 0, 73, 0, 0, 0, 0, 0, 0, 0, 0, 5, 8, 86
"/Users/ngocthanh/Documents/Material SU26/SWP391/swp391-su26-ai-audit-project-swp391_se20a11_group-02/frontend/src/index.css", "PostCSS", 0, 0, 0, 0, 0, 0, 0, 0, 127, 0, 0, 0, 0, 0, 0, 5, 14, 146
"/Users/ngocthanh/Documents/Material SU26/SWP391/swp391-su26-ai-audit-project-swp391_se20a11_group-02/frontend/src/main.tsx", "TypeScript JSX", 0, 0, 0, 0, 0, 0, 0, 9, 0, 0, 0, 0, 0, 0, 0, 0, 2, 11
"/Users/ngocthanh/Documents/Material SU26/SWP391/swp391-su26-ai-audit-project-swp391_se20a11_group-02/frontend/src/pages/AdminDashboard.tsx", "TypeScript JSX", 0, 0, 0, 0, 0, 0, 0, 5544, 0, 0, 0, 0, 0, 0, 0, 207, 389, 6140
"/Users/ngocthanh/Documents/Material SU26/SWP391/swp391-su26-ai-audit-project-swp391_se20a11_group-02/frontend/src/pages/ApplyInstructor.tsx", "TypeScript JSX", 0, 0, 0, 0, 0, 0, 0, 339, 0, 0, 0, 0, 0, 0, 0, 8, 34, 381
"/Users/ngocthanh/Documents/Material SU26/SWP391/swp391-su26-ai-audit-project-swp391_se20a11_group-02/frontend/src/pages/ContactUs.tsx", "TypeScript JSX", 0, 0, 0, 0, 0, 0, 0, 180, 0, 0, 0, 0, 0, 0, 0, 8, 15, 203
"/Users/ngocthanh/Documents/Material SU26/SWP391/swp391-su26-ai-audit-project-swp391_se20a11_group-02/frontend/src/pages/ContestOverview.tsx", "TypeScript JSX", 0, 0, 0, 0, 0, 0, 0, 119, 0, 0, 0, 0, 0, 0, 0, 5, 11, 135
"/Users/ngocthanh/Documents/Material SU26/SWP391/swp391-su26-ai-audit-project-swp391_se20a11_group-02/frontend/src/pages/ContestProblemSolve.tsx", "TypeScript JSX", 0, 0, 0, 0, 0, 0, 0, 643, 0, 0, 0, 0, 0, 0, 0, 14, 63, 720
"/Users/ngocthanh/Documents/Material SU26/SWP391/swp391-su26-ai-audit-project-swp391_se20a11_group-02/frontend/src/pages/ContestProblems.tsx", "TypeScript JSX", 0, 0, 0, 0, 0, 0, 0, 141, 0, 0, 0, 0, 0, 0, 0, 1, 15, 157
"/Users/ngocthanh/Documents/Material SU26/SWP391/swp391-su26-ai-audit-project-swp391_se20a11_group-02/frontend/src/pages/ContestRanking.tsx", "TypeScript JSX", 0, 0, 0, 0, 0, 0, 0, 577, 0, 0, 0, 0, 0, 0, 0, 20, 60, 657
"/Users/ngocthanh/Documents/Material SU26/SWP391/swp391-su26-ai-audit-project-swp391_se20a11_group-02/frontend/src/pages/ContestSubmissions.tsx", "TypeScript JSX", 0, 0, 0, 0, 0, 0, 0, 152, 0, 0, 0, 0, 0, 0, 0, 2, 12, 166
"/Users/ngocthanh/Documents/Material SU26/SWP391/swp391-su26-ai-audit-project-swp391_se20a11_group-02/frontend/src/pages/Contests.tsx", "TypeScript JSX", 0, 0, 0, 0, 0, 0, 0, 593, 0, 0, 0, 0, 0, 0, 0, 38, 54, 685
"/Users/ngocthanh/Documents/Material SU26/SWP391/swp391-su26-ai-audit-project-swp391_se20a11_group-02/frontend/src/pages/CookiesPolicy.tsx", "TypeScript JSX", 0, 0, 0, 0, 0, 0, 0, 67, 0, 0, 0, 0, 0, 0, 0, 7, 7, 81
"/Users/ngocthanh/Documents/Material SU26/SWP391/swp391-su26-ai-audit-project-swp391_se20a11_group-02/frontend/src/pages/CourseDetail.tsx", "TypeScript JSX", 0, 0, 0, 0, 0, 0, 0, 712, 0, 0, 0, 0, 0, 0, 0, 13, 45, 770
"/Users/ngocthanh/Documents/Material SU26/SWP391/swp391-su26-ai-audit-project-swp391_se20a11_group-02/frontend/src/pages/Courses.tsx", "TypeScript JSX", 0, 0, 0, 0, 0, 0, 0, 703, 0, 0, 0, 0, 0, 0, 0, 49, 58, 810
"/Users/ngocthanh/Documents/Material SU26/SWP391/swp391-su26-ai-audit-project-swp391_se20a11_group-02/frontend/src/pages/GlobalRanking.tsx", "TypeScript JSX", 0, 0, 0, 0, 0, 0, 0, 599, 0, 0, 0, 0, 0, 0, 0, 33, 44, 676
"/Users/ngocthanh/Documents/Material SU26/SWP391/swp391-su26-ai-audit-project-swp391_se20a11_group-02/frontend/src/pages/Home.tsx", "TypeScript JSX", 0, 0, 0, 0, 0, 0, 0, 562, 0, 0, 0, 0, 0, 0, 0, 35, 67, 664
"/Users/ngocthanh/Documents/Material SU26/SWP391/swp391-su26-ai-audit-project-swp391_se20a11_group-02/frontend/src/pages/InstructorDashboard.tsx", "TypeScript JSX", 0, 0, 0, 0, 0, 0, 0, 5869, 0, 0, 0, 0, 0, 0, 0, 271, 476, 6616
"/Users/ngocthanh/Documents/Material SU26/SWP391/swp391-su26-ai-audit-project-swp391_se20a11_group-02/frontend/src/pages/Login.tsx", "TypeScript JSX", 0, 0, 0, 0, 0, 0, 0, 175, 0, 0, 0, 0, 0, 0, 0, 7, 13, 195
"/Users/ngocthanh/Documents/Material SU26/SWP391/swp391-su26-ai-audit-project-swp391_se20a11_group-02/frontend/src/pages/PrivacyPolicy.tsx", "TypeScript JSX", 0, 0, 0, 0, 0, 0, 0, 77, 0, 0, 0, 0, 0, 0, 0, 6, 8, 91
"/Users/ngocthanh/Documents/Material SU26/SWP391/swp391-su26-ai-audit-project-swp391_se20a11_group-02/frontend/src/pages/Problems.tsx", "TypeScript JSX", 0, 0, 0, 0, 0, 0, 0, 403, 0, 0, 0, 0, 0, 0, 0, 20, 33, 456
"/Users/ngocthanh/Documents/Material SU26/SWP391/swp391-su26-ai-audit-project-swp391_se20a11_group-02/frontend/src/pages/Register.tsx", "TypeScript JSX", 0, 0, 0, 0, 0, 0, 0, 257, 0, 0, 0, 0, 0, 0, 0, 11, 17, 285
"/Users/ngocthanh/Documents/Material SU26/SWP391/swp391-su26-ai-audit-project-swp391_se20a11_group-02/frontend/src/pages/ShoppingCart.tsx", "TypeScript JSX", 0, 0, 0, 0, 0, 0, 0, 288, 0, 0, 0, 0, 0, 0, 0, 4, 26, 318
"/Users/ngocthanh/Documents/Material SU26/SWP391/swp391-su26-ai-audit-project-swp391_se20a11_group-02/frontend/src/pages/SolveProblem.tsx", "TypeScript JSX", 0, 0, 0, 0, 0, 0, 0, 942, 0, 0, 0, 0, 0, 0, 0, 34, 81, 1057
"/Users/ngocthanh/Documents/Material SU26/SWP391/swp391-su26-ai-audit-project-swp391_se20a11_group-02/frontend/src/pages/StudentDashboard.tsx", "TypeScript JSX", 0, 0, 0, 0, 0, 0, 0, 3692, 0, 0, 0, 0, 0, 0, 0, 172, 269, 4133
"/Users/ngocthanh/Documents/Material SU26/SWP391/swp391-su26-ai-audit-project-swp391_se20a11_group-02/frontend/src/pages/TermsOfService.tsx", "TypeScript JSX", 0, 0, 0, 0, 0, 0, 0, 79, 0, 0, 0, 0, 0, 0, 0, 6, 8, 93
"/Users/ngocthanh/Documents/Material SU26/SWP391/swp391-su26-ai-audit-project-swp391_se20a11_group-02/frontend/src/pages/Unauthorized.tsx", "TypeScript JSX", 0, 0, 0, 0, 0, 0, 0, 39, 0, 0, 0, 0, 0, 0, 0, 2, 5, 46
"/Users/ngocthanh/Documents/Material SU26/SWP391/swp391-su26-ai-audit-project-swp391_se20a11_group-02/frontend/src/pages/Withdraw.tsx", "TypeScript JSX", 0, 0, 0, 0, 0, 0, 0, 205, 0, 0, 0, 0, 0, 0, 0, 5, 14, 224
"/Users/ngocthanh/Documents/Material SU26/SWP391/swp391-su26-ai-audit-project-swp391_se20a11_group-02/frontend/src/services/adminService.ts", "TypeScript", 0, 0, 0, 0, 0, 0, 992, 0, 0, 0, 0, 0, 0, 0, 0, 157, 79, 1228
"/Users/ngocthanh/Documents/Material SU26/SWP391/swp391-su26-ai-audit-project-swp391_se20a11_group-02/frontend/src/services/authService.ts", "TypeScript", 0, 0, 0, 0, 0, 0, 138, 0, 0, 0, 0, 0, 0, 0, 0, 0, 24, 162
"/Users/ngocthanh/Documents/Material SU26/SWP391/swp391-su26-ai-audit-project-swp391_se20a11_group-02/frontend/src/services/cartService.ts", "TypeScript", 0, 0, 0, 0, 0, 0, 67, 0, 0, 0, 0, 0, 0, 0, 0, 0, 9, 76
"/Users/ngocthanh/Documents/Material SU26/SWP391/swp391-su26-ai-audit-project-swp391_se20a11_group-02/frontend/src/services/contestService.ts", "TypeScript", 0, 0, 0, 0, 0, 0, 78, 0, 0, 0, 0, 0, 0, 0, 0, 10, 13, 101
"/Users/ngocthanh/Documents/Material SU26/SWP391/swp391-su26-ai-audit-project-swp391_se20a11_group-02/frontend/src/services/courseService.ts", "TypeScript", 0, 0, 0, 0, 0, 0, 993, 0, 0, 0, 0, 0, 0, 0, 0, 1, 81, 1075
"/Users/ngocthanh/Documents/Material SU26/SWP391/swp391-su26-ai-audit-project-swp391_se20a11_group-02/frontend/src/services/dashboardService.ts", "TypeScript", 0, 0, 0, 0, 0, 0, 96, 0, 0, 0, 0, 0, 0, 0, 0, 0, 17, 113
"/Users/ngocthanh/Documents/Material SU26/SWP391/swp391-su26-ai-audit-project-swp391_se20a11_group-02/frontend/src/services/instructorService.ts", "TypeScript", 0, 0, 0, 0, 0, 0, 386, 0, 0, 0, 0, 0, 0, 0, 0, 0, 65, 451
"/Users/ngocthanh/Documents/Material SU26/SWP391/swp391-su26-ai-audit-project-swp391_se20a11_group-02/frontend/src/services/orderService.ts", "TypeScript", 0, 0, 0, 0, 0, 0, 75, 0, 0, 0, 0, 0, 0, 0, 0, 0, 12, 87
"/Users/ngocthanh/Documents/Material SU26/SWP391/swp391-su26-ai-audit-project-swp391_se20a11_group-02/frontend/src/services/paymentService.ts", "TypeScript", 0, 0, 0, 0, 0, 0, 97, 0, 0, 0, 0, 0, 0, 0, 0, 0, 19, 116
"/Users/ngocthanh/Documents/Material SU26/SWP391/swp391-su26-ai-audit-project-swp391_se20a11_group-02/frontend/src/services/problemService.ts", "TypeScript", 0, 0, 0, 0, 0, 0, 204, 0, 0, 0, 0, 0, 0, 0, 0, 0, 17, 221
"/Users/ngocthanh/Documents/Material SU26/SWP391/swp391-su26-ai-audit-project-swp391_se20a11_group-02/frontend/src/services/rankingService.ts", "TypeScript", 0, 0, 0, 0, 0, 0, 50, 0, 0, 0, 0, 0, 0, 0, 0, 0, 11, 61
"/Users/ngocthanh/Documents/Material SU26/SWP391/swp391-su26-ai-audit-project-swp391_se20a11_group-02/frontend/tailwind.config.js", "JavaScript", 0, 0, 0, 0, 0, 0, 0, 0, 0, 0, 0, 67, 0, 0, 0, 1, 1, 69
"/Users/ngocthanh/Documents/Material SU26/SWP391/swp391-su26-ai-audit-project-swp391_se20a11_group-02/frontend/tsconfig.app.json", "JSON", 0, 0, 0, 0, 0, 0, 0, 0, 0, 21, 0, 0, 0, 0, 0, 2, 3, 26
"/Users/ngocthanh/Documents/Material SU26/SWP391/swp391-su26-ai-audit-project-swp391_se20a11_group-02/frontend/tsconfig.json", "JSON with Comments", 0, 0, 0, 0, 0, 0, 0, 0, 0, 0, 0, 0, 7, 0, 0, 0, 1, 8
"/Users/ngocthanh/Documents/Material SU26/SWP391/swp391-su26-ai-audit-project-swp391_se20a11_group-02/frontend/tsconfig.node.json", "JSON", 0, 0, 0, 0, 0, 0, 0, 0, 0, 20, 0, 0, 0, 0, 0, 2, 3, 25
"/Users/ngocthanh/Documents/Material SU26/SWP391/swp391-su26-ai-audit-project-swp391_se20a11_group-02/frontend/vite.config.ts", "TypeScript", 0, 0, 0, 0, 0, 0, 15, 0, 0, 0, 0, 0, 0, 0, 0, 1, 3, 19
"/Users/ngocthanh/Documents/Material SU26/SWP391/swp391-su26-ai-audit-project-swp391_se20a11_group-02/judge0.conf", "Properties", 0, 0, 0, 0, 64, 0, 0, 0, 0, 0, 0, 0, 0, 0, 0, 218, 76, 358
"Total", "-", 7500, 218, 14771, 3, 64, 270, 3693, 24129, 285, 4278, 1340, 94, 7, 54, 139, 3383, 9894, 70122